"country","year","gini_coef","percentile_1","percentile_2","percentile_3","percentile_4","percentile_5","percentile_6","percentile_7","percentile_8","percentile_9"
"Australia","2014",0.325,15683.5915655114,20092.7378862122,24289.9400195123,29005.611010194,33452.7579805533,38494.1625250053,44239.9806580006,51921.2782498767,66648.2661955764
"Australia","2010",0.33,14015.6684686376,18081.9773755685,22590.1223358172,26782.9866100811,31086.3628230756,36293.584973246,42506.9930212953,50130.790469552,63295.3311418765
"Australia","2008",0.333,13857.793169377,18267.5855733466,22732.3738226863,26882.6722680772,31283.5408530008,35790.6525044172,41263.6927501412,49234.3254230435,62309.8097861184
"Australia","2004",0.314,11934.7827677616,14930.8319511744,18291.2985684654,21845.7437022603,25418.9682207901,29084.2241378778,33504.2817293765,39694.5773934314,49489.1186439695
"Australia","2003",0.312,10776.0736224163,13704.3544980729,16631.1171727217,19865.4574604544,23048.5780611291,27084.4699153841,31461.4497280546,37171.5415729959,45698.6504324329
"Australia","2001",0.317,10632.3141608945,13173.6421895428,16148.3356794294,19137.1893833074,22726.8813182758,26637.8456788789,30781.6647734989,35996.1418898769,45144.1386669904
"Australia","1995",0.308,9758.14652485749,12007.5373669124,14483.0249283375,17142.1811908883,20287.616451679,23730.535933661,27511.3682228175,32437.4232186733,39266.3544226045
"Australia","1989",0.302,10282.4693921874,13450.5637315974,16234.3938038342,19004.2348269794,22043.5889815605,25625.4593517888,29644.8230785136,34764.64626312,42534.7191188326
"Australia","1985",0.292,10318.8385782793,13220.9366679984,16112.9843177525,18806.0379713105,21824.648261757,25117.0323917696,28662.4329929183,33540.7591397674,40778.4469236968
"Australia","1981",0.281,10417.4734028775,13696.820059878,16627.153002629,19108.9748810179,21899.2846528634,25088.2347631428,28971.6715938013,33858.672334424,40762.9126247798
"Austria","2016",0.281,17183.9632907508,22377.9090576179,26413.9307753716,30013.3333817314,33732.5449402196,37758.0937963296,42496.4481413413,49761.9910310532,60271.8575172814
"Austria","2013",0.279,17054.7293122357,21873.8071956275,25749.6849074857,28981.0790632072,32403.6826145176,36850.3342275963,41395.8268242452,47820.6054824528,58237.6635001213
"Austria","2010",0.279,17192.4708710611,21957.0752149906,25902.6759627667,29530.8125630481,33242.7037792766,37450.2703006623,42223.8900165533,49098.1703503348,59988.1557156594
"Austria","2007",0.284,15939.1705828678,20649.9547101893,24328.9527737841,27748.2711490552,31510.0416730012,35436.549118575,40339.9432601533,46762.7178393441,57636.156914976
"Austria","2004",0.269,16987.573439075,21064.1546786106,24461.5163234657,27397.1180909949,30721.2599595763,33922.8607569449,38203.1202257792,44577.5729138977,54907.8675310825
"Austria","2000",0.257,15783.7633707469,19580.7214360141,22682.4984996086,25880.0845769455,28908.688595988,32094.8347418951,35960.6169639234,40909.2162162209,49767.1277667092
"Austria","1997",0.266,14355.4208442737,18465.6769261238,21300.7677883497,24410.514229689,27207.8270469814,30499.7568218718,34508.9901423031,39584.6174384395,48322.7893012689
"Austria","1995",0.277,11880.7729059247,15833.4583874319,18691.028485632,21731.0633490468,24702.7103584,27766.9613936173,31860.9287802179,36849.1828399071,44327.217595593
"Austria","1994",0.28,14616.3224169233,19008.7488331856,22297.7163535621,25095.5481127064,28028.4396776899,31552.411368591,36356.7827448575,41188.8122945453,50809.7713122618
"Austria","1987",0.227,14786.1332334393,18311.7051154636,21257.5164469927,23885.2926622885,26267.0099885506,28953.3473787599,32170.3864732536,36191.6825465683,42652.3091240302
"Belgium","2017",0.259,15369.413071351,19179.6835352217,23202.318828406,27068.7213660975,30892.8236017439,34718.6058096708,38630.9275896948,43602.8043870609,51391.1080467172
"Belgium","2016",0.263,15259.0622013981,18980.9899676613,22723.2819973434,26122.0241850058,30325.0070379166,33896.75253154,38108.0993634585,43113.636979866,50690.5381596661
"Belgium","2015",0.265,15372.5678598994,19135.5796829088,22634.9289856468,26412.4535950673,30580.3508970152,34445.3640988741,38903.3446036632,43910.7844263361,51828.585267276
"Belgium","2014",0.262,15333.4475581602,18897.7043885829,22391.03638787,25884.9914993687,29733.7405951675,33507.4437667142,37709.6331049888,42924.6644637501,51098.5979176471
"Belgium","2013",0.264,15100.9558082511,18637.7577803963,22289.9883936818,26204.5266249689,29801.210997466,33935.6330973346,37871.1913432889,43153.1853660306,51082.3870261962
"Belgium","2012",0.265,15122.9819599251,19068.7266206213,22745.4197967748,26470.9515275382,30236.4885039402,33850.5155137002,38260.1663231378,43174.5640097296,50806.9594624879
"Belgium","2011",0.268,14685.5673431678,18210.7969906526,21686.1658225564,25221.967293824,29067.826729146,32800.2898735064,36680.1364538749,41673.0967725135,49082.652608322
"Belgium","2010",0.262,14876.4592054097,18768.2728443448,22404.9622031268,25916.3641237088,29810.8556681313,33560.1477191106,37545.0809350114,42202.8481331906,50388.9069298829
"Belgium","2009",0.267,14959.181976164,18718.4916198781,22333.5553666286,26098.9369033417,29776.4297445247,33397.4885077969,37433.7733096502,42727.6750093052,50916.3550679827
"Belgium","2008",0.262,15024.2013939464,18856.1703907662,22471.5559484487,25908.4321390942,29475.3236361001,33198.369378468,36820.6782299833,42293.365417682,50152.5198079078
"Belgium","2007",0.271,14777.6018808683,18471.9213617169,21763.8912938404,25391.2656669322,28895.9967829031,32390.0753320209,36474.0564966979,41260.5070481014,48888.1576086191
"Belgium","2006",0.271,14280.4578377929,18283.5825497935,21465.8005964625,25038.5482263654,28610.832613318,31908.2246177952,35719.5767876653,40580.1943187555,48748.9344541825
"Belgium","2005",0.268,14284.9748371662,18079.8065264061,21168.2309894792,24548.1857896173,27770.1934692579,31011.0131367972,34633.4157157868,39621.6816107756,48106.6180920665
"Belgium","2004",0.269,14395.5593883005,17718.7342627716,20691.7788097077,24029.3133114882,27264.2537529079,30733.4316760428,34373.2730945322,38875.0747748832,47191.7597799965
"Belgium","2003",0.261,13485.5195020943,17259.3644714069,20215.9018396058,23183.2440716784,26497.372952017,29536.8701661469,33409.2687300606,37635.228238008,45172.1148447123
"Belgium","2000",0.279,14206.6811807848,17378.9595540598,20571.2746220977,23867.2258101638,27030.4494971718,30332.6721820454,33572.5332682685,38374.3488080279,47013.6006874548
"Belgium","1997",0.25,13424.2905990397,16915.0915392402,19573.744735707,22187.3345181115,25139.1832703233,28417.4304130709,31883.9621307646,36156.2530759071,42826.6479486362
"Belgium","1995",0.266,13308.7041245435,16668.606454212,19452.5262817526,22462.2015936796,25759.9799316251,28424.2512710977,32051.834374441,35996.6048750732,43061.3012783324
"Belgium","1992",0.222,13414.1348787071,15808.7080434173,17885.5112927038,20265.1790990161,22496.1860126263,24992.9660071328,27919.844411512,30962.6137154231,36413.7868084194
"Belgium","1988",0.232,12389.5524222353,14707.0223851176,16712.5257265539,18940.8620663448,21080.0647830441,23351.4583262024,25746.4808338569,28968.3766547778,34360.9513174461
"Belgium","1985",0.227,12035.2291527808,14199.6043679021,15949.4613779297,18036.4476320669,20220.4037976869,22341.3662309912,24759.1252513314,27826.24379874,32846.2033249524
"Brazil","2016",0.462,2346.83436460771,3468.57763222207,4668.77806171201,5784.1168716825,7080.20104163385,8498.4592751209,10438.9606043546,13558.4768492233,20367.75497594
"Brazil","2013",0.45,2690.07037461409,3881.97326382264,5042.83136253423,6293.48603868928,7532.79154270565,9148.28162038975,11127.6181443412,14296.955849763,21313.8069110489
"Brazil","2011",0.46,2368.35203682446,3399.7481355176,4476.108707961,5609.78585957912,6736.48566794116,8222.87805867303,10138.1493739643,13134.8166906508,19858.4572477918
"Brazil","2009",0.467,2263.38208454638,3081.3636901405,4139.11542277151,5105.26440035219,6207.1292556582,7623.17953293708,9507.70542607274,12487.4569700474,19182.4033546816
"Brazil","2006",0.487,1812.00200753382,2607.1261775949,3489.85189215256,4347.4015856164,5325.25025462076,6594.31929701331,8328.07249086948,11183.8830028795,17646.0840811599
"Canada","2017",0.313,15922.7574904348,20816.3826883622,25314.6814370298,29637.2999932227,34379.2935609678,39389.5388060897,45398.5017590122,53216.2606973205,66350.698829995
"Canada","2016",0.308,15623.905786622,20377.562476135,24851.2834663901,29010.2187107237,33485.9873563923,38383.1872724589,43862.4095708995,51281.3663750167,64227.258117797
"Canada","2015",0.319,14880.4319288613,19754.5511361389,24565.489219881,29029.6465753457,33732.303525651,38473.2210425317,43983.3386403022,52026.1454335167,65644.5294397741
"Canada","2014",0.312,15194.5665897055,20156.538008188,24856.0978007626,28995.9433406794,33124.0451194617,38226.1816536675,44139.4354440458,51525.9225201938,64074.4928426329
"Canada","2013",0.321,14429.0686160777,19321.8238682852,23840.8627416084,28404.1034051024,32921.3462688928,37937.1077277294,44345.1372486089,52418.1485741292,65575.6121802797
"Canada","2012",0.317,14390.7855924786,19317.7472994118,23763.9350406862,28010.2721547989,32564.6611363309,37271.6103251074,42926.7173673265,50452.3926972671,63140.5737519978
"Canada","2010",0.317,14479.90595558,18889.8403797016,23247.1569673483,27413.728076262,31661.8529507045,36105.6651200249,41621.6814909119,49108.8434310634,60660.5930914165
"Canada","2007",0.315,14270.5115137639,18750.8627598626,22746.9613713734,26524.097132247,30645.3357842935,35147.165127505,40426.6248795413,47531.1181359113,59443.1289175373
"Canada","2004",0.318,12608.1873753288,16966.9721315656,20874.5843531241,24464.1217228763,28211.4118882089,32540.4490786238,37286.43110764,43959.4469180726,55208.6249787153
"Canada","2000",0.315,12194.5389419099,16304.8278465076,19603.4933711491,22988.0987352085,26424.0704279638,30287.1768454489,34990.0379041576,41155.3053865586,51081.4458322963
"Canada","1998",0.311,11913.4462054018,16095.9751740071,19595.8179810733,23087.9809443949,26672.5441601411,30464.0405344627,35017.6882118955,40733.9847704152,50563.5365221298
"Canada","1997",0.291,12167.7241281878,16195.8606986008,19444.6683394918,22852.1372909908,26154.9869261402,29789.3135409844,34078.7588652636,39605.6334735704,48733.7752550784
"Canada","1994",0.284,12508.8203239293,16561.8227561304,19801.7059383995,23032.4150649212,26225.7611266387,29746.6003521527,34068.2169802458,39565.7534795922,48421.5709838891
"Canada","1991",0.281,12631.8305029445,16858.9760686426,19899.9116204731,23080.6304491763,26208.7551828123,29798.6865812226,33846.8760569651,39222.5988909799,47706.2556757055
"Canada","1987",0.283,12457.4615070162,16620.0175021589,19946.4604632355,23206.4145528821,26389.5953101358,29692.9154701633,33892.807095091,39078.3112319076,48512.5314122346
"Canada","1981",0.284,11591.9098308123,15901.8731705041,19561.9144657117,22539.8239949597,25705.3757886582,29054.7325070279,33215.627771095,38495.0893270305,46944.4815437801
"Canada","1975",0.289,10000.3252707377,14391.403872949,17833.9752169903,20932.059389165,23777.9905817834,27003.1435622017,30544.946752781,35108.2897587956,42686.5079109822
"Canada","1971",0.316,7479.35557777653,10679.4375431967,13672.4014825496,16384.1993706778,18911.2499612224,21540.9480934939,24715.1433118275,28859.2498177873,35795.3059683691
"Chile","2017",0.443,4000.32271343394,5357.31348383319,6730.31095583321,8052.00794100723,9636.14189955637,11546.6361733979,14106.0434755102,18133.4852608538,27588.8025754419
"Chile","2015",0.44,3813.11900457472,5119.00580261098,6385.70066477927,7717.03165141551,9159.95089524336,10976.8140328202,13414.3332570701,17289.6632806678,25751.1404376203
"Chile","2013",0.446,3502.52073710373,4748.20855813723,5954.33456380091,7152.91293728971,8541.66925711662,10226.3464471009,12403.82008235,15976.2088058542,24617.8496499411
"Chile","2011",0.452,2945.70913072508,3941.45566160288,4969.34705254467,6034.36861631134,7241.2477251678,8658.14452685617,10648.5079568205,13842.3042714409,21260.7119122638
"Chile","2009",0.459,2740.89554882011,3696.64390985787,4665.04689191728,5671.00997509068,6764.31799396729,8189.33889901801,10107.7424461865,13194.7451661277,20188.5071803012
"Chile","2006",0.46,2454.33280532668,3396.53607048553,4338.78789820762,5332.06255336571,6503.68253788162,7840.65113020066,9660.95054924004,12790.0018513874,19570.321658639
"Chile","2003",0.48,2047.16154322241,2862.19120861183,3675.06485079947,4578.22404181315,5612.5523002675,6834.95048799933,8567.61380481385,11476.8765127254,18071.1229770621
"Chile","2000",0.491,1962.81340189741,2791.2668057909,3604.9664712462,4451.96459129573,5489.16964802771,6695.19914104615,8424.63145956159,11258.668704155,18102.1732106021
"Chile","1998",0.487,1895.13677915015,2647.46407555569,3474.87682539001,4352.44769841852,5361.09876663319,6597.94334128578,8290.09746064299,11145.1985966464,17860.565761695
"Chile","1996",0.482,1813.133185918,2524.52589911208,3326.87776705679,4161.01814541679,5070.74593787183,6221.39018562878,7906.11823982127,10642.7320342915,16545.9859877811
"Chile","1994",0.485,1565.0539387056,2246.84499787242,2948.50043992469,3679.08510556847,4574.80451278279,5696.35260317384,7132.1807682264,9615.61870323218,15108.722940252
"Chile","1992",0.476,1535.38124970275,2083.16989504774,2692.19385310921,3273.38568408325,4001.26693224027,4885.5408486425,6172.3552445859,8197.33628929119,12508.0313111318
"Chile","1990",0.481,1261.08365190546,1735.30385652385,2228.59347790631,2774.76160377424,3395.2252097162,4175.90012962495,5238.52137252921,6891.23147170888,10892.1855511801
"China","2013",0.396,2325.94128914868,3381.83479758521,4386.77931371098,5551.52026389191,6742.72743790931,8109.93430285826,9840.38323041616,12239.9771903897,16309.2289925314
"China","2002",0.414,930.22573783924,1255.73143638569,1587.78019835713,1962.71752782437,2395.33130154251,2941.96622118506,3686.70086461505,4769.38239257689,6498.89668262386
"Colombia","2016",0.46,1837.92835776012,2856.73601031415,3639.52800398521,4535.6775870392,5634.6655090723,6895.56967903903,8505.63726886418,10919.7504289847,16079.3325066799
"Colombia","2013",0.481,1634.9631359932,2597.28284057612,3431.66087151975,4308.45376929682,5377.6340740449,6703.34885757213,8407.9528759347,11020.1452310536,16675.7732043363
"Colombia","2010",0.496,1432.20451190199,2242.08203271105,2965.99573861443,3728.61294041733,4583.81159604047,5788.0739714716,7394.26449894818,9864.14181538958,15260.5406371847
"Colombia","2007",0.52,1136.05781184003,1916.97983059111,2618.30216373649,3345.22972714731,4260.21679363148,5410.08426580978,7026.48873964511,9534.1627629203,15241.5525477417
"Colombia","2004",0.506,932.153480554947,1493.21870115237,2076.28505112615,2554.81637306168,3129.06238564114,3911.32798205142,4977.39567050791,6568.45881169541,10381.4845103411
"Cote d'Ivoire","2015",0.515,578.979052004306,967.832746173459,1322.49472127849,1718.09018273781,2193.09715555469,2767.28030458766,3576.22410375424,4956.39369191928,7721.39599112059
"Cote d'Ivoire","2008",0.483,635.758823299974,998.824876098589,1359.21128907958,1701.40637254006,2133.1448011813,2695.43090140222,3456.12417913538,4642.1185288856,6794.19758559149
"Cote d'Ivoire","2002",0.511,552.208340804559,911.725074447793,1260.77291457888,1637.03007048626,2044.03455037069,2586.83633182771,3373.70323059418,4567.2719880653,7195.17390153296
"Czechia","2016",0.252,11075.0544233653,13577.2989692265,15362.6145732474,17089.1349188602,19154.7130418316,21272.6119584884,23765.662268575,27244.8360986046,33391.4460611138
"Czechia","2013",0.258,9841.73085771212,12150.9587980535,13893.6358704342,15391.5411931755,17012.2334412689,18852.6913157394,21209.1377930961,24345.399630532,29927.6858884202
"Czechia","2010",0.256,10059.1004350486,12447.0619519051,14027.6468280233,15579.1391584278,17509.5875825698,19553.9819898911,21850.2402263484,24978.0144764567,30687.6908351394
"Czechia","2007",0.251,9994.6673109011,12054.4870214254,13634.0299077273,15166.312349943,16960.5581060278,18887.3258373932,21058.4031356958,24151.1986688893,29676.2819934821
"Czechia","2004",0.266,8138.67012272867,10112.9889034996,11453.9887442675,12790.4444755692,14122.4872850689,15968.1037874982,18137.0908900814,21031.797523642,26109.3847514034
"Czechia","2002",0.255,7887.46466593772,9339.02522398609,10665.4016339871,11850.2863824019,13068.6974601214,14558.4942451641,16404.2075013704,18821.7963834887,23570.6882157953
"Czechia","1996",0.256,7309.74572895736,8812.2532867544,9955.2652128007,11024.2894119619,12332.0482470344,13810.9686116204,15571.4922104468,17875.0417802812,21750.5523257685
"Czechia","1992",0.205,6881.83154153346,8052.7700426302,8883.83953522747,9713.65119336118,10555.7381901147,11409.6855613176,12512.7088076394,13900.3654282304,16240.000391336
"Denmark","2016",0.254,17606.8011399068,21215.1456840638,24409.7969425437,27819.2786193933,31255.7389162838,34784.2337981218,38877.3684993655,43981.638085994,52309.4363389077
"Denmark","2013",0.249,17379.922872102,20611.5187613653,23742.2257824537,27098.7358039561,30353.3963931371,33765.0511092253,37607.8119659068,42387.7129556191,50089.2998734281
"Denmark","2010",0.248,17496.6923549012,20942.0395245738,24379.7964534866,27922.816683854,31381.6090769287,34758.220026486,38560.0066272928,43252.0328837774,50685.7768972068
"Denmark","2007",0.238,17219.4945693031,20676.4268525626,24347.5227518043,27848.4984921673,31014.0832374211,34017.4406049614,37389.1452588876,41703.5512361055,48696.0217843221
"Denmark","2004",0.228,16696.8761918747,19926.0976303462,23379.1200287134,26652.3361054593,29691.0549230596,32589.2023157188,35895.173952589,40056.2964397525,46390.2975201363
"Denmark","2000",0.225,15970.2923935878,19108.0081490365,22447.6579230247,25497.0618872453,28261.0698359105,30985.3523770083,34045.3271870722,37812.7543603534,43917.0673165541
"Denmark","1995",0.218,15396.9507362341,18304.7587515875,21303.0970925092,24118.0693236952,26716.6787089748,29216.852405668,31944.2704215928,35517.880429267,41141.4387638508
"Denmark","1992",0.238,13588.0986764013,16559.2775529781,19507.2443621599,22443.410266823,24994.8401502508,27605.0265388633,30359.1714829977,33513.1555275292,38925.9719016297
"Denmark","1987",0.255,12880.9738628117,16381.9375214409,19917.9626348049,23098.4023598604,25795.2593925219,28217.0638422502,31085.5684918473,34732.5020241778,41482.6424131905
"Dominican Republic","2007",0.49,1352.18756571209,2125.20033579364,2841.80023452179,3605.8334676746,4391.16597497811,5445.80546609403,6896.01742494243,9102.81630782271,14353.0412916131
"Egypt","2012",0.465,1408.98382019714,2160.84987693342,2778.23580257805,3451.29105290605,4141.54926348726,4981.50952434897,6209.25512226968,8213.90531830033,12079.5186851712
"Estonia","2016",0.309,8017.8861401915,10816.7181052719,13107.7992096061,15814.5329467842,18636.4295382361,21603.0346220019,25244.7186591414,29772.1290220631,37400.0359292243
"Estonia","2013",0.352,5964.81592248807,7712.01569095952,9668.40531256561,11400.73242102,13749.290425455,16367.6339335554,19630.9895317988,23474.6249943906,30529.6805634952
"Estonia","2010",0.319,5664.31296190373,7303.94974228272,8850.2570069165,10305.9454215421,12075.161161227,14038.9737667586,16481.6072005868,19587.0345747111,24741.8375559219
"Estonia","2007",0.312,6182.13732881515,8067.64159511955,9860.06079848157,11775.8873122074,13630.1830948883,15595.5696662758,18047.1994569172,21528.4130745492,27404.3817341663
"Estonia","2004",0.347,4003.09603621121,5229.74284494713,6357.55018815453,7499.2058767298,8821.58384992687,10170.9321582517,12141.4948479894,14896.3663045578,19158.8739844833
"Estonia","2000",0.361,3050.66469315463,4001.53599039325,4845.00718858876,5722.1862968835,6662.63612926778,7874.84613971727,9276.25815970477,11287.1454030042,15243.873104983
"Finland","2016",0.258,15827.0451636672,19449.7469883466,22420.0211104168,25321.2323483031,28138.9971640983,31270.5092752222,35078.9978382457,40013.9535125501,48046.0487544167
"Finland","2013",0.259,15329.773047053,18866.2800924231,22099.1547002618,25049.2561938121,28132.1109834572,31324.0708978935,35060.6612236632,40216.9349164984,48233.3868640915
"Finland","2010",0.261,15173.504774962,18660.3853784919,21932.9260159478,25106.7650313532,28190.751155705,31527.0134403263,35285.8533265127,40238.2392132096,48163.9171042837
"Finland","2007",0.264,14638.5258743179,18114.2512959541,21587.7192248564,24681.9666370511,27520.6754991287,30644.376464691,34304.7941677546,38692.3207811878,47003.7721404699
"Finland","2004",0.257,13863.383208668,17019.853539081,19713.3921291058,22447.6260398059,25136.6762609175,27836.8859818045,31304.7891146948,35673.8962080008,42969.8569022765
"Finland","2000",0.252,12605.8297096509,15160.8705979341,17552.5293920205,19913.9553908486,22272.1869502912,24756.1522430741,27365.2725664102,30929.8325531099,36976.2091431849
"Finland","1995",0.216,12219.3935571822,14584.5808614344,16460.2441594692,18284.5317287555,19991.6114095541,21870.2586181218,24010.0654147677,26937.8224447226,31479.7944663754
"Finland","1991",0.209,13130.3427409089,16215.8795883535,18507.6190729646,20519.1229084972,22333.1177466092,24464.1892740385,26904.0766044499,29704.32232884,34329.4025562637
"Finland","1987",0.207,12014.4406269846,14564.0497303617,16604.9700115641,18644.1352664646,20380.454273523,22171.4829628677,24221.8075359517,26714.7279262738,30826.1175996651
"France","2010",0.289,13675.5558623676,17505.8901644123,20761.9967411357,23702.2779428887,26533.1833953902,29868.594196685,33718.5043579721,38726.2803984062,48793.9578838829
"France","2005",0.28,12270.0661214292,15708.9413568997,18504.5439843012,21019.6759062656,23509.5083922135,26315.1911150265,29872.9552191472,34358.6452377009,43294.4038645743
"France","2000",0.278,12295.3318325709,15204.8685684611,17778.3433561419,20151.8248332807,22538.9996537432,25414.8586512757,28918.0618630512,33924.9743001767,42432.7464875076
"France","1994",0.288,12038.2018063445,15105.699843476,17510.8834809275,19928.3991744495,22363.2423916358,25334.9143146228,29001.0305031972,33648.4331607384,42623.8918271926
"France","1989",0.287,10673.7839749933,13339.8190704521,15733.2901922496,18052.44827484,20340.6894874358,22941.3663087631,25988.1186953935,29839.5136391698,36962.3925019169
"France","1984",0.338,9010.96893387574,12536.9063668795,14797.0145526733,17090.8031269032,19412.3444979383,21928.8259196995,25053.500446757,29090.1859935917,36193.7417089956
"France","1978",0.312,9921.52386855415,13065.1641713576,15138.979625725,17566.5263020601,20162.2910444148,22852.5161029071,26331.9503123196,31035.5234601547,38920.0596166846
"Georgia","2019",0.377,2132.18286914826,2985.05601680756,3668.69094355926,4476.13765637085,5438.10561124193,6471.17581196161,7796.43865160086,9683.99722911581,12626.0783007226
"Georgia","2018",0.369,2056.8037232396,2803.36946775739,3462.66927165912,4366.37019823449,5132.38774360431,6105.27814722018,7440.91823657408,9236.55120745172,12151.1153766392
"Georgia","2017",0.405,1715.55077957293,2596.04548767015,3434.09720422015,4222.02107222006,5017.97586452384,5994.06193137992,7312.5102161963,8947.08232879516,12689.7169166836
"Georgia","2016",0.39,1994.71712600859,2868.17324593667,3567.7862632959,4335.07354432508,5183.21904241595,6293.39117058934,7727.93533877845,9681.35298827982,13025.9626829839
"Georgia","2015",0.386,1971.04860727129,2774.37570148747,3404.32246814241,4252.41327444958,5070.20834709225,6133.93679996232,7393.6253712205,9100.31509542252,11978.8244025019
"Georgia","2014",0.39,1936.78234111728,2752.91074900947,3499.85095754603,4105.00408148758,4908.95146836645,5952.77239344795,7212.5140970115,9108.25005162021,12828.0439607869
"Georgia","2013",0.401,1785.47185871649,2442.75632083005,3050.69149827412,3644.56400653502,4442.35463407713,5463.71671751265,6785.75200131767,8480.78762672721,11387.451328731
"Georgia","2012",0.409,1466.54243560713,1995.98918349218,2559.47891335223,3156.05734750509,3823.99551760419,4755.62784069012,5774.38421729728,7269.11156900298,9630.21064125449
"Georgia","2011",0.443,1107.75303105985,1669.81778451932,2121.47247631082,2655.94987088316,3184.56509088461,3953.07044195968,4971.78473709303,6411.89757860702,8714.90940191846
"Georgia","2010",0.441,1043.40992169463,1548.44060796391,2017.13598713078,2509.95239124097,3160.33773558689,3961.75177232744,5039.85455284734,6393.01571556977,8948.83579156737
"Georgia","2009",0.453,921.846216725253,1433.26409643199,1920.33614153537,2347.17580068031,2905.67715797861,3670.13348761604,4692.16227431386,6281.83954754145,8793.26953798179
"Germany","2018",0.292,15259.1365171687,19721.5053132583,23413.9334549272,27092.0101855947,30405.6720210585,34226.6638612972,38426.2990097035,44552.3490992168,55610.3744915306
"Germany","2017",0.286,14631.2836439442,19358.9600814837,23005.49189292,26446.4512286374,29738.7640800923,33101.511803378,37549.0291274284,43658.6204825458,53775.5318589851
"Germany","2016",0.293,14502.8445690375,19031.0142037037,22501.1290541688,25711.2977536065,29032.7400297187,32875.9087388683,37447.7609210537,43359.9233712764,54209.7480611274
"Germany","2015",0.291,14339.955654556,18563.3788353933,21912.4761024927,25294.0378326372,28471.4170578274,32245.0426396847,36397.112673212,42533.3825047037,52818.8925468647
"Germany","2014",0.287,14094.6549678376,18070.2745979552,21371.9814344544,24617.0931908097,27745.8560752497,31295.6449411709,35491.2427915303,42067.8292264572,52044.7161260076
"Germany","2013",0.291,14203.7784629815,18054.7723314053,21296.5011366426,24278.2430327758,27551.8376178901,31245.6568348249,35388.8736535869,41437.006183046,51215.8235322586
"Germany","2012",0.288,14126.7701493594,17997.0354371574,21266.0892102546,24231.3571026688,27401.0753869455,30973.3368364832,35313.1670458238,40909.9212908015,51218.9520654706
"Germany","2011",0.287,14488.0566528654,18385.5916251868,21466.4680760291,24359.3750764643,27451.9795105448,31178.3695744211,35466.7939787097,41287.4299958769,50750.0411393885
"Germany","2010",0.286,14271.4913832336,18070.6089120494,21277.2474601422,24461.3088646277,27901.0228968277,31601.1594914459,35712.9362514283,40949.4652565707,51475.196427047
"Germany","2009",0.284,14097.0017443856,18084.004592994,21303.9036666012,24369.4744647819,27745.320409698,31026.0911392183,35290.9238959055,40883.8242579505,50343.865601564
"Germany","2008",0.286,14208.9572712664,18352.9095465599,21378.2004263603,24303.5211663911,27300.5839913725,30733.5725794963,34792.3202871786,40499.4540057296,50132.7034025014
"Germany","2007",0.286,14324.6125927661,18252.0516170637,21319.0457316344,24329.8972162068,27363.4792024224,30896.0483957311,34803.4842937393,40041.8580011505,49981.0546880155
"Germany","2006",0.285,14184.8678006085,18243.2027696507,21369.0895677408,24396.6263949997,26968.0532855369,30402.181223839,34426.5896489612,40303.007690875,49959.6478361926
"Germany","2005",0.287,14050.9582397937,17859.8267657241,21024.6360184271,24003.7670058554,27029.4892317854,30081.1102784313,34082.1080958936,39745.8368421074,49614.208052972
"Germany","2004",0.271,14784.8005426707,18576.3309322135,21716.5846962658,24721.6833218748,27450.0606155948,30521.6412503934,34322.7716913559,39591.9465640027,49326.500895691
"Germany","2003",0.268,14565.3967335194,18708.5833970317,21657.558871987,24669.9634093726,27479.306331165,30623.3221624636,34164.452968846,38895.0983255123,48071.4632152768
"Germany","2002",0.27,14749.8824096277,18921.7204712109,22121.7964963074,24839.8120627638,27670.1134900438,30904.5668332671,34722.4281180358,39753.4382541742,48977.0749271188
"Germany","2001",0.27,14735.6167544844,18625.8582540743,21682.5107945674,24484.720052286,27063.7681381634,29965.447338235,33758.8788377409,38851.2341997163,48348.9236369272
"Germany","2000",0.26,15283.3188276267,19256.4212340978,22260.33672741,24726.1773093393,27540.6500449362,30698.7318670639,34485.2878425157,39401.6874502505,48383.3450235782
"Germany","1999",0.261,14981.3055655019,19002.7621092229,21844.1932906276,24391.2582973463,26948.7684143586,30044.050274404,33840.4874944756,39049.952645766,48028.9413254315
"Germany","1998",0.254,15073.5254129343,18883.0569610779,21401.0663698472,23721.7620683854,26277.8670532969,29544.2727223521,33341.4359154636,38439.5148115842,46549.1317615532
"Germany","1997",0.251,14692.4014456782,18347.8919642898,21036.5167493714,23338.6267126369,25630.0376904897,28484.1515148436,32249.1159329046,37281.2295169674,45168.1967138652
"Germany","1996",0.255,14710.6739714192,18441.1319641715,21161.1754668868,23547.4250962507,25942.1260731695,28927.2784443698,32592.5137531059,37512.674460261,45835.0899462346
"Germany","1995",0.258,14369.6887965319,18149.4524980523,21027.4944254556,23257.2359077329,25805.8307875086,28868.5891818637,32328.0730579514,37377.2692130261,45715.4001478877
"Germany","1994",0.262,13919.7278629012,17681.4735400442,20525.4762913102,22859.7797914631,25781.7728378536,28704.0529247733,32269.5147547053,37418.1538111826,46150.8345198014
"Germany","1993",0.258,14596.0965983294,18216.0476562818,21028.215138011,23463.1436072474,26211.5074392374,29323.2418552195,33218.5264999536,38184.9226168994,46522.2737890781
"Germany","1992",0.265,14371.8937028385,17826.974135016,20796.167213756,23472.9500076855,26361.20885883,29419.6455312636,33271.5051515676,38656.454875681,47154.4189103711
"Germany","1991",0.269,13845.6928652344,17340.1867060555,20242.2782330009,22924.4543947367,25906.1021346699,29127.7984052544,32967.3275359571,38997.5321706749,47473.7312516017
"Germany","1990",0.259,15752.5430084868,19234.6702196303,22371.5312139065,25102.8879261679,28083.7808993487,31751.4020103471,35436.4506901682,40805.7155195676,49121.971286358
"Germany","1989",0.256,15367.1909964688,18581.3226080595,21506.5701884447,24269.0659086355,26838.654337594,29952.117207407,33691.3969037822,38251.3937253762,45657.4717906512
"Germany","1988",0.257,14919.0350970763,18473.8687199482,21477.4172401813,24138.8339713303,26577.0623655198,29707.5018812514,33583.8824495161,38303.0729157018,45429.2110330485
"Germany","1987",0.251,14557.8082263717,17920.2100338486,20567.8593210905,23323.7588565802,25832.9136385395,28660.7256584669,32171.3746168973,36694.3564333622,43917.899812726
"Germany","1986",0.247,14090.728067494,17404.7938563763,20250.3864000868,22498.6594205376,25217.2745982728,28054.6504481487,31292.3733503852,35710.3468490277,42352.5908863959
"Germany","1985",0.25,13219.5487378906,16315.0023295035,18988.3158607462,21588.1047404385,24023.6161479475,26888.3581207891,30053.8008780069,33914.5189753707,40686.4395413621
"Germany","1984",0.256,13234.2826475534,16345.8540904981,19125.238525236,21524.3331977932,24037.5564444928,26833.3974925982,29842.532110674,33669.5974067099,41067.1607793117
"Germany","1983",0.26,16525.8421912506,20022.3046044357,22849.1348895828,25675.7836964609,28764.3918477665,32231.5409835422,36361.4396840017,41986.5741388786,51377.5029060485
"Germany","1981",0.244,14448.6772613206,17344.5338098193,19902.1123717868,22121.5066550858,24618.4118419203,27629.4600137002,31124.0555532382,35269.767847099,41689.8020278074
"Germany","1978",0.263,16614.4806015197,20188.9097855969,22963.948039804,25712.3601641982,28764.5978630011,32093.4768789895,36059.5129959683,41418.3330501596,51048.9250874939
"Germany","1973",0.271,14144.7165906439,17421.69705756,19990.5563533761,22504.1044326295,25130.0239019705,28144.3421739917,31834.8694893509,36852.2721534723,45558.0476207528
"Greece","2016",0.318,6367.45503823266,8774.6074306569,10547.793973199,12362.6334439121,14192.9874786428,16318.0577350079,18842.4705734907,22120.2006529546,27640.0148026008
"Greece","2013",0.332,5746.5817520275,8055.78632976526,9810.29631345648,11582.4783054556,13433.6681677899,15549.016214751,18156.2848866901,21673.7947577768,27426.9718119087
"Greece","2010",0.324,8900.06898329321,11755.7464038497,14285.1366949605,16868.8120616078,20008.8699222795,22943.0342174267,26134.9045768035,30792.9075832465,38949.9959075051
"Greece","2007",0.319,10266.811179302,13338.7950863168,15962.1142113905,18700.1409955002,21860.1251634033,24877.4468565643,28602.2356856039,34222.7022198713,42628.3030902095
"Greece","2004",0.327,9511.77729234376,12495.9575790772,15358.062406697,17826.269892797,20523.3422906009,23896.4136341329,28010.5486925763,33009.6372322006,41601.482897728
"Greece","2000",0.333,7342.60940459456,9862.59840406553,12286.9165681243,14703.0415521761,16952.4924348743,20093.8340848935,23433.3536439819,27802.1178237952,34699.5043303352
"Greece","1995",0.349,5985.12797992939,8743.66165267006,10613.6281837984,12808.1744752824,15066.5631615725,17465.1342798006,20733.0937164633,24280.7545216305,32051.2914422253
"Guatemala","2014",0.394,1954.30157247859,2552.89683937641,3158.11510610847,3792.56039669355,4465.64120561165,5310.1000608264,6244.72748022387,7689.0339716855,10580.5934971558
"Guatemala","2011",0.481,1195.49605148062,1807.55950223249,2412.0876218291,3152.38377643796,3935.64296388544,4919.55384687209,6151.73301517764,8384.48799239797,12356.0977479981
"Guatemala","2006",0.472,1765.81072108214,2447.5190732041,3262.37462591211,4193.59944626755,5317.53607130612,6679.64000052794,8498.42867254538,10944.3715046009,16085.1358515096
"Hungary","2015",0.268,7016.98316585456,8764.35602394469,10049.6103731664,11248.6810597454,12674.9086507499,14543.0790420714,16399.8457132999,18896.9727442356,22651.9619594705
"Hungary","2012",0.288,5070.52801066613,6545.25600408698,7653.21870237569,8945.18320558554,10157.3825829066,11516.5056603168,13076.3578920651,15035.3195241951,18811.6838733599
"Hungary","2009",0.271,5592.68435668387,7033.00452959889,8187.4768538517,9325.24091637456,10152.0364362111,11323.5068337548,12876.7565923175,15071.8653493723,18997.0029825618
"Hungary","2007",0.269,6060.44148398601,7452.54521327596,8538.59771246329,9597.91740852962,10741.7532938183,12130.919777313,13602.4278108977,15256.7624684261,18624.9175928854
"Hungary","2005",0.286,6055.24044262738,7307.66729622934,8357.05609454124,9383.53033365619,10571.5495817513,12031.4639173456,13537.5042385722,15516.7011419667,19821.6554657837
"Hungary","1999",0.29,4503.54693833415,5454.01108754824,6216.70763932777,7110.54766310164,8144.12178025572,9206.75317830895,10179.0803985157,12106.3164603004,15422.2760473532
"Hungary","1994",0.324,4308.42361809928,5629.79056925848,6647.26531721898,7559.3615385304,8657.39835994882,9846.22483079801,11356.4835018322,13846.0775115664,17991.5959893901
"Hungary","1991",0.288,5675.16287580092,7116.29672701754,8339.16737084599,9551.78072247051,10886.5126604589,12155.5082683379,13752.4182243656,15972.1189520725,19886.5071133977
"Iceland","2010",0.244,16066.7366859944,19500.7221415912,22145.611481511,24726.011783876,27594.8633113683,30629.0166938626,33661.7446658059,37947.4235645873,44609.1395589882
"Iceland","2007",0.276,18974.8218671465,23072.675330603,26597.5470622054,29755.8124938747,33144.6465529738,36557.0119629718,41301.7639795306,47422.1423720593,59097.0374464007
"Iceland","2004",0.255,16230.8663662447,19926.9985759857,22643.9676147417,25326.0663748674,27901.9275226031,30363.0401457382,34205.7490141467,38694.2671198343,46670.9874558101
"India","2011",0.479,906.784084675963,1354.55800056398,1739.07179900699,2181.19475292948,2675.45301543951,3321.40129736151,4253.56186386018,5807.20061174032,8928.99155669592
"India","2004",0.472,668.242732724222,973.965079373508,1236.64952795237,1533.02745330853,1900.97873175883,2368.23450649422,3073.47519352566,4178.5493416573,6262.11426947517
"Ireland","2017",0.289,14665.0005118055,18295.7141105277,21678.235497409,25017.6598226619,28815.9294134101,32474.6696827718,37184.4415188765,42690.7073354393,52178.8217933867
"Ireland","2016",0.305,13563.2407134276,16797.5976283384,19535.1753394454,22789.3430170209,26325.381614191,30289.6910501328,34904.6530085126,41085.1645287521,51822.6202653897
"Ireland","2015",0.296,13011.7332426944,16117.8736027743,18956.4249190537,22353.920873293,25979.4064802025,29558.8519598174,33803.4964263949,38477.9016323386,47326.0696456612
"Ireland","2014",0.295,12702.6220791037,15677.4257918777,18306.6284613607,21176.4491948361,24806.6200088988,28225.5075955348,32579.6631495429,37540.9863400716,47181.9795528615
"Ireland","2013",0.306,11861.721324129,14812.0386517323,17514.3721780429,20132.0474872804,23426.9966604217,26852.3070124211,30976.2833475213,35871.9536894835,45919.3516500893
"Ireland","2012",0.307,11660.7675113122,14476.3496822198,17060.7821537485,19731.3194888433,22953.9451536163,26128.4951689379,30478.3147453647,35931.9096955408,45422.7104812948
"Ireland","2011",0.302,11469.1574947473,14464.9491988982,17291.8602847459,19880.4413432903,22778.2213345886,26242.5538228659,30485.6966211768,35855.3817085689,44540.3064672226
"Ireland","2010",0.297,12310.8981518924,15467.4007235152,17933.8689340717,20751.2882632671,23832.2034111764,27533.7752583006,31480.1167275035,36762.3014016719,45920.9280544639
"Ireland","2009",0.309,12482.2667736785,15645.5971010854,18199.5142538567,20926.2110910284,24121.2282276899,27982.2244157187,32002.295117977,38110.5161042516,48020.0104329148
"Ireland","2008",0.295,12911.0267871999,16217.6455676037,19024.4090576912,22007.2029585098,25457.5231804622,28588.702171657,33421.5182094886,39574.6656361753,48047.778432971
"Ireland","2007",0.298,14043.5635450825,17305.3620981226,20520.5882509222,24217.0188391303,27981.5706742254,31348.3005525499,36331.989976022,42732.2963408463,53132.2127497396
"Ireland","2006",0.312,13653.1252633798,17036.151869737,20364.3580426736,24060.77613196,28284.7505413548,32553.8869807304,37570.8483275117,44633.947778833,54346.7876922289
"Ireland","2005",0.314,12634.8575877848,15822.8208224772,19073.5661499816,22557.8276576548,26314.3629140756,30056.9632375171,34772.0599737951,41396.443771231,51421.9254146139
"Ireland","2004",0.315,11688.6534102775,14665.8412744569,17946.2712237133,21685.6412747857,25193.8195995481,29487.1135302843,33661.3073442578,39090.9550599079,48787.621831484
"Ireland","2003",0.319,11337.6804633505,14283.5600294349,17693.8388099279,21354.3082548529,25046.596752656,28617.2048735853,32721.266603822,38099.5543434667,48277.8341272292
"Ireland","2002",0.307,10901.000789612,14084.9316539894,17992.8450533084,21647.1578180079,24561.0374465742,28262.0832971588,32164.146079804,37498.5025049471,46423.1580451529
"Ireland","2000",0.313,9321.98857296379,12524.3628659489,16180.8574593729,19064.9757021918,22236.7031062049,25262.370563224,29409.002007182,33668.3936165999,41731.606413909
"Ireland","1996",0.325,7881.89539042697,9869.93577944031,12110.863090083,14302.4258982227,16943.5132215664,19910.0238048203,23457.046500605,27285.7525833063,34123.3731021424
"Ireland","1995",0.336,7516.27432398942,9323.98680783077,11239.6436596098,13401.631058893,15927.3524320771,18561.9903113441,21718.1000654712,25905.7039422766,33002.2090152216
"Ireland","1994",0.333,7400.31845062218,9135.89219897048,10818.8347386591,12887.3133798723,15322.821453171,18283.6053787966,21333.1653136183,25487.308264545,32114.2320817252
"Ireland","1987",0.328,5703.49565339841,6925.44177979822,8377.77534161512,10017.2651122126,11542.3729020008,13405.4549298583,15742.6450388959,18948.4300911717,24103.0764606628
"Israel","2018",0.342,9021.42578585183,12745.6266589108,16444.6154872299,20223.3781949337,23809.5938156096,27835.4857383417,32614.0964626283,38601.3924899072,48819.3028403446
"Israel","2017",0.343,8329.01808453749,12038.48590501,15983.0404843238,19563.8240582528,23097.751320325,27235.5940063428,31978.4627931488,38299.655579652,48176.5193085631
"Israel","2016",0.347,8025.51802497523,11305.5931310149,14796.4230881455,18127.7712914871,21867.4508895912,25624.0733185874,30314.2089308034,36305.5344362986,46143.2818969299
"Israel","2015",0.358,7481.8287061744,10752.670533364,14380.3627406406,17891.9884275018,21416.3809767713,25009.9585071589,29523.0162342432,35356.3359648424,45425.0610099259
"Israel","2014",0.361,7251.73138559163,10421.9177353453,13769.9322498264,16996.9415340995,20388.1561276483,24278.0386111784,28840.0944857107,34438.5189431545,44266.5693131714
"Israel","2013",0.358,7343.68241444524,10409.413370755,13465.7352155727,16763.1422203376,20046.8287258974,23648.6498550611,28062.29520096,34184.3718801103,43863.4557897064
"Israel","2012",0.373,6756.97660120828,9473.47981838292,12453.0337964584,15408.6719937554,18832.821325701,22420.073828582,26939.4948690823,32766.2556489431,42966.4590874271
"Israel","2011",0.368,6653.21838130273,9020.39422704645,11554.435720515,14477.1460017402,17849.3183676884,21660.2277756266,25723.1865690364,31444.9712356387,40805.1941265245
"Israel","2010",0.376,6656.94301260304,8837.88996112677,11157.5729321739,14257.6414321796,17723.8831237044,21356.9279195642,25445.3950284641,30655.8410492041,40543.741781815
"Israel","2009",0.377,6310.04768581073,8639.77280919788,10983.0986212089,13893.321120504,17121.8693331007,20719.8683087055,25025.8404670986,30802.5524074693,39967.6870899927
"Israel","2008",0.374,6536.19985766137,8945.31848365504,11356.291525323,14113.9651334164,17282.137103438,20673.9390674766,24763.6727605524,30014.486598091,39602.5654212794
"Israel","2007",0.369,6468.26834297333,8789.04342392273,11105.7579252864,13983.6771833224,16993.2170377908,20537.6492487298,24334.5369289302,29563.5739780288,38226.4328502046
"Israel","2006",0.372,6206.75498755259,8137.44524526013,10512.8544636762,13150.9340106932,16043.2346872124,19524.1613200683,22972.3585353753,28170.8807437579,36759.305547923
"Israel","2005",0.376,5873.45049704371,8020.05254209944,10209.4414729086,12879.7139187999,15651.0787533338,18645.5303647478,22456.9343952096,27465.2100994768,36258.3968842762
"Israel","2004",0.37,5678.29951134612,7702.4459661086,9988.62673184148,12473.1035535859,15239.8662327746,18180.4871864939,22016.949739149,26605.9004383918,34741.2233546127
"Israel","2003",0.362,5813.30259563683,7782.19101052599,9656.66418461662,12006.7241171222,14652.0369023535,17804.9982648462,21223.7896099027,25396.5041178872,32963.3369785746
"Israel","2002",0.357,5878.72684641567,7790.78825113569,9818.38677814897,12036.4678031801,14401.7863976142,17150.5373981952,20342.8883415041,24742.2322459431,31673.2468574014
"Israel","2001",0.347,6875.30776394021,8800.87451459487,11069.2387062581,13422.8706908253,15948.636001406,19055.370069375,22409.3630793032,26727.0345785411,34448.5852435473
"Israel","1997",0.336,6193.31726571079,8236.77360996179,10149.4059066467,12011.3636297615,14349.9462608824,16845.5752959613,19847.4519981594,23854.4102750651,30125.9479101149
"Israel","1992",0.305,7047.17791038252,8814.10177020723,10547.5980785611,12307.8678230504,14168.759564521,16559.2386679559,19340.934738284,22956.8970113161,29028.8528567332
"Israel","1986",0.309,5705.27771362536,7334.01557819011,8800.73710384077,10334.229948295,12028.2112010883,13854.7265067742,16333.0509743628,19435.6637892999,24522.1567163475
"Israel","1979",0.303,5848.41439418602,7377.18991682624,8610.03567112065,10341.1663317997,11999.7766539909,14049.0610577136,16335.7910858404,19311.4643296022,23588.9946175099
"Italy","2016",0.324,8750.16216773182,11744.8221491951,14143.7281035789,16849.9418845401,19585.1991852385,23337.8999783004,26554.6702509197,31113.8233625068,39251.1883513164
"Italy","2014",0.319,8512.33144937797,11500.6646802989,13809.1967443198,16303.0820547582,19134.5834274727,22334.1945366081,25702.7522312693,30090.0814754609,36953.6664478418
"Italy","2010",0.32,9690.63358897661,12848.967364558,15329.596748849,18034.1289307799,21003.3322256901,24262.7242270194,27959.8898151626,32687.0474162948,41179.8066298763
"Italy","2008",0.319,10226.7706141676,13015.889872577,15464.9740141767,18354.3041820644,21542.5077877777,24842.0558949219,28574.9988072013,33437.3934176972,42204.7466525204
"Italy","2004",0.329,9562.67683035846,12504.2490479215,14934.2004918937,17564.956456198,20692.3410687683,23671.6380875747,27636.5976047401,32391.7421158197,40975.7368917035
"Italy","2000",0.328,9189.38563826735,12375.7926761569,14858.596373957,17622.6834398681,20537.10504627,23732.6056324593,27689.1444097991,32313.9048298728,40255.1100285218
"Italy","1998",0.34,8572.05368079754,11916.4743682684,14416.706646874,17208.2333820273,20192.7141661028,23312.9149685315,27117.9849192634,32171.1478301937,40030.2750845942
"Italy","1995",0.336,8151.69925076218,11149.7288403669,13511.6948216807,16071.718280513,19077.6001454444,22116.4560961408,25876.9105547374,30222.3038422083,37821.006749619
"Italy","1993",0.339,8600.42328167855,11273.4860682273,13835.5467901285,16464.8997726335,19568.1375451501,22986.4213625738,26746.6155002398,31751.9582097408,40276.593727323
"Italy","1991",0.291,10477.091918338,13007.7244830476,15707.1585683265,18557.1701982949,21294.2398334507,24429.779269629,27790.8751634122,32476.5671007592,39539.8917349809
"Italy","1989",0.304,10340.2292124496,12851.8344550361,15141.4443775701,18009.4276424739,20546.9739172132,23509.7953355222,27634.4994057917,32632.2805898478,40602.4141827584
"Italy","1987",0.332,8758.88237128928,11209.5570827873,13424.9729012966,15677.6343005321,18327.9825762534,21079.177769464,25034.3561458024,30588.7885878618,39367.7219232438
"Italy","1986",0.306,8456.6305663934,10908.1005580477,12796.2805388048,14808.2741185998,17275.9878859781,19979.9532218481,22999.0079141441,27363.1170484668,34203.8970897362
"Japan","2013",0.315,11858.0027159577,15302.5774782806,18369.0990708234,21618.2961543742,24574.0254075031,28081.5084367926,31510.9450890147,37278.3561593258,46288.3184878295
"Japan","2010",0.308,12454.9802894842,16529.8760513232,19447.0126449799,22815.4693741713,25663.8703606059,29657.251491378,33737.4350688986,40104.396262045,49411.6688138791
"Japan","2008",0.328,9898.49393215587,13626.4494103768,16907.8204637215,20079.7654107857,23262.7438504221,26873.78540379,31254.5432910948,36616.7969613186,45829.1762478633
"Lithuania","2018",0.357,7156.20498997939,9499.42211177196,11815.3597307523,14181.4601124502,16811.3547209678,19697.7132093929,23507.0861842251,28422.0641365158,38061.5430400836
"Lithuania","2017",0.367,6335.24126294715,8538.45594943045,10825.8724943287,13238.542331011,15616.7564120159,18436.8163140092,21549.0376930467,26712.0809080561,34698.1004125326
"Lithuania","2016",0.372,5821.8049905005,8115.97962555817,10022.3584047368,12253.2705266922,14640.5323281999,16968.8691390126,20196.2328310924,24723.8881884885,32554.0435093167
"Lithuania","2015",0.365,5646.958879968,7596.24016318891,9629.67767346175,11545.953408297,13727.2790112438,16452.6564558276,19574.4067725288,23298.980986722,30644.7042848644
"Lithuania","2014",0.374,5199.73758036214,7065.86162183734,8775.88717696681,10486.2121283106,12512.7916038371,15174.3108900002,17830.6901922051,21591.7075295632,27278.3450078437
"Lithuania","2013",0.348,5403.62040533365,6887.27835567448,8537.81224833789,9903.68749783418,11566.7692575028,13663.6379263958,16311.7911694614,19768.3858575529,25924.8384620051
"Lithuania","2012",0.344,5083.49421184174,6635.75903306944,8113.11070974024,9544.08455720085,11203.2710398439,13165.0369083299,15475.5143263963,18669.0701712586,23726.9601109806
"Lithuania","2011",0.318,5184.48136029733,6617.50266367212,8013.70571267268,9277.23947422318,10909.8094285588,12884.3607957812,15008.896771578,18006.7746659454,22885.682417551
"Lithuania","2010",0.323,4725.80299137807,6140.36564805587,7386.95214362301,8649.82087105604,10089.0183035644,11806.3686359319,13931.5886491978,16496.4221025835,21335.3254504396
"Lithuania","2009",0.357,4571.45995241172,6405.03035741986,7875.58319533293,9393.9571481601,10871.1438096343,12598.651353637,14908.9333872519,18273.500437141,23944.1780433988
"Luxembourg","2013",0.283,21433.8563306834,26462.9062986,31520.3776478626,36420.8015100299,41114.9020548995,46453.4476774705,53052.2623822585,62053.9721969107,75971.9883161408
"Luxembourg","2010",0.271,22917.2001414185,27957.220689943,32456.6144529269,36976.0593243386,41954.4548642694,48242.9957109865,54736.0082693226,62270.7846143591,77626.1564263769
"Luxembourg","2007",0.276,22982.4700046624,28630.9168367135,33428.5464714791,37446.2142306307,42387.8351885069,47977.6601035664,53663.9174967044,61332.902147633,76319.8646724045
"Luxembourg","2004",0.269,22452.9188213169,29556.5797883895,33665.3598192558,37908.269583406,42697.7103030131,47746.3196730802,54209.9096941354,62309.2548812849,78545.0201814676
"Luxembourg","2000",0.262,21288.5963005541,25714.7674851796,29486.9056739353,33148.8605602525,37281.9856824537,42508.0112548669,48109.4167310483,55615.1865101802,69413.7487695266
"Luxembourg","1997",0.261,19449.9121728698,23844.6886008394,27746.3202534932,31559.0116858235,34930.0623349708,39298.5782295609,44227.5204322602,51590.0569573651,63336.6580380359
"Luxembourg","1994",0.235,20778.3222121603,24669.0201851425,27827.3596230116,31098.3961624129,35123.3946821493,39015.6937901744,43333.9993447334,48747.2928066124,60559.0956562612
"Luxembourg","1991",0.239,18481.845321553,22366.0145433785,26003.1974431761,29526.9645504143,32836.4626269273,36719.836312544,40451.8436695852,46052.5673106766,54910.5655350221
"Luxembourg","1985",0.236,13279.6824586931,15794.3865942165,18315.2413983112,20438.2265226683,22797.534345755,25240.127795219,28316.060116278,32518.7027950411,39081.4874498657
"Mexico","2018",0.414,2548.86842954071,3613.46034721583,4563.49360946065,5498.6430557953,6530.30272959454,7761.81772810991,9354.92487798378,11791.2904366064,16751.1155414448
"Mexico","2016",0.424,2447.92878367856,3475.94841810542,4364.03868977713,5315.93002640639,6355.29708043186,7607.09863082949,9239.08550516095,11685.4107012739,16835.1314450519
"Mexico","2014",0.445,2017.46714833404,2939.85708486128,3689.13894682243,4476.95123799386,5372.27852040527,6455.99790861187,7985.6945915136,10176.6970229331,15219.3307972022
"Mexico","2012",0.454,1987.36002831539,2940.83928752391,3793.10130617416,4714.39268487303,5717.50798710143,6863.8085929069,8618.19239821329,11208.6246636226,16664.8889248805
"Mexico","2010",0.447,1913.72977983768,2907.55660252003,3789.56090614297,4662.85776590998,5628.97193843998,6805.9424441868,8448.42489137491,10989.4623882889,15943.9889502042
"Mexico","2008",0.46,2000.98616754769,3102.5487162617,4009.59314835236,4991.66114232092,6208.88149344312,7656.98887373412,9496.32594363501,12406.1605903368,18359.3802263326
"Mexico","2006",0.443,2429.7788145168,3405.44364417188,4297.16935558964,5242.1856684046,6301.72555991132,7534.3806053853,9229.6068294658,11868.8021368444,17676.693460359
"Mexico","2005",0.452,2006.2829409099,2935.16050111631,3771.67695149037,4624.76399131512,5672.25598341439,6977.4794032761,8629.05247714498,11107.5594789969,16332.1719468991
"Mexico","2004",0.457,1797.31813449333,2726.55065578464,3440.28363902829,4223.75659736054,5173.31555684391,6233.47345804086,7930.18952090983,10242.6584212401,15167.4951894079
"Mexico","2002",0.468,1632.90903718948,2463.11034610904,3196.37892165526,4004.55427400559,4886.19603490847,5899.78831317093,7488.44275774033,9855.99572147453,14806.0702994576
"Mexico","2000",0.486,1508.45052927589,2247.34898502258,2973.11565417717,3805.04888784776,4698.67059726456,5934.23350333364,7407.98326320698,9852.20394736963,15176.28090274
"Mexico","1998",0.486,1213.86428616256,1864.79032960099,2486.38710613466,3172.07284131686,3960.08946383322,4926.84779343378,6277.86248736402,8367.86354507092,12658.502893744
"Mexico","1996",0.47,1312.31197655456,1878.88386404638,2429.04636930046,3006.34065644683,3687.86007274667,4524.39920228886,5684.90365822178,7580.60109967613,11234.8872583685
"Mexico","1994",0.485,1626.72651677992,2365.32194838154,3120.46346404596,3905.60186125298,4799.6186558795,5964.00160471415,7444.38696661545,9940.06772087717,15578.2731655906
"Mexico","1992",0.475,1660.03102821023,2448.91317277476,3175.82703126698,3895.24197046477,4729.5704044665,5795.18519397867,7335.84441083264,9795.95505443617,14655.3658294714
"Mexico","1989",0.452,1655.15410413874,2364.99011093282,3044.4762923022,3723.26764025328,4556.71478899005,5485.1520330087,6746.92246022166,8906.42458453753,13010.8249642954
"Mexico","1984",0.43,1628.11903225848,2289.0578298777,2971.26877794815,3612.89789002109,4374.1162214873,5271.51992617263,6605.05117103184,8415.36447594782,12075.3615236878
"Netherlands","2018",0.27,16802.5152923451,20888.34957763,23901.3010639224,27367.3266135905,30832.9912854749,34525.4973369249,38668.5809997403,44404.3941930832,53688.4502597837
"Netherlands","2017",0.274,16561.4372526063,20585.9396777611,23778.2470126926,27257.6320362008,30733.3108007656,34337.1940681273,38405.9276913642,44169.6400364238,53514.9388600844
"Netherlands","2016",0.273,16520.5750887183,20444.4177379083,23671.695007481,27174.5738566146,30663.5061846255,34465.8607872276,38513.3392755189,44320.9396160616,53750.4835206414
"Netherlands","2015",0.271,16157.7800955833,19971.3368026517,22883.8232228307,26267.9719730862,29690.6340885226,33115.5370288194,37124.8097653126,42673.1251945464,51875.6270790355
"Netherlands","2013",0.264,15564.3650457518,19121.4038275184,21832.3068004517,24633.8865090089,27592.8605741065,30745.615843763,34562.9518618194,39515.0802036583,48234.7652339782
"Netherlands","2010",0.257,16656.7737255542,20083.5679794293,23143.1122933025,25923.4534831781,28689.6979996646,32191.4973896437,36168.5236265608,41507.5180835757,50567.9324271905
"Netherlands","2007",0.274,16738.532413231,20406.9271562786,23201.1761382932,26056.0518741857,29084.9892595759,32406.25631692,36382.2075196943,41927.2737164114,52032.0645671676
"Netherlands","2004",0.266,15210.4236093089,18478.1515556839,21131.0921041535,23728.7012066246,26424.3208786797,29498.9724888106,32981.5097283272,37868.8948487771,45899.8691186347
"Netherlands","1999",0.231,15674.8271828226,18817.6410513599,21313.8525773353,24100.7805401408,26698.5747925166,29398.6026121558,32786.8511477683,36989.6511884759,43558.8087260181
"Netherlands","1993",0.257,12651.6958505798,15638.9411782515,18218.6103862383,20509.462059461,23066.1245643396,25962.9141349222,29296.5102539596,33601.9315107286,39793.0463163659
"Netherlands","1990",0.266,13955.5105610777,16658.5982225012,19117.7310895023,21622.509397435,24295.4670243499,27195.0965119941,30574.9909829963,35132.0706263361,42072.7358584155
"Netherlands","1987",0.235,12617.7865675891,14508.5180301172,16612.3003932969,18580.3946080049,20550.8737130622,22834.4438127224,25673.9168167157,29035.9877939645,34804.4528122073
"Netherlands","1983",0.252,11740.4937682294,13826.7411706518,15993.9370666569,17939.7245040909,19739.9498030061,21995.2617926244,24870.6139405158,28374.9958949289,34051.3821108615
"Norway","2016",0.255,20304.558421181,25970.6996382651,30460.3655927671,34260.1756102076,37883.2527262028,41748.1733884049,46271.7196006104,52378.4542771391,62502.3567471444
"Norway","2013",0.248,20657.8323994174,26332.8397153766,30769.1229660886,34523.7010310963,38114.0635480993,41913.4501552818,46385.0114992675,52371.5532480034,62320.9276533625
"Norway","2010",0.243,19403.4824039353,24530.1061356052,28488.0501803012,31875.6215087011,35100.7250355019,38487.594521497,42413.4747823022,47659.9521701231,56459.0959084508
"Norway","2007",0.244,18514.7962972404,23417.6201340702,27288.0798229103,30583.1259235391,33683.1843490022,36851.8737915718,40631.3208461187,45638.4955481918,54050.5260741071
"Norway","2004",0.256,16361.8213439506,20439.9981997679,23622.7799328377,26528.97042832,29232.124609524,31933.8766425982,35121.710872603,39563.624384,46873.8980958706
"Norway","2000",0.25,15305.1369353027,18926.4283797308,21888.3035547555,24521.4002201142,27029.8462059311,29608.174707114,32521.4932667053,36339.5636022091,42951.8809144779
"Norway","1995",0.239,12760.9761402332,15854.4559667384,18447.8086599224,20910.6225412219,23063.335387348,25215.8309371386,27689.6984114076,31138.6119665912,36406.3141093385
"Norway","1991",0.231,13123.249428553,16479.3238861194,18944.8015249794,21050.255790379,23208.2888563888,25470.3507971863,27966.7051741631,31361.5326819541,36598.4420558326
"Norway","1986",0.234,12398.9775955988,15650.6252002127,18161.8400682545,20320.270526862,22420.8080703069,24627.9597397683,27474.7042490263,30820.0025671891,36391.5570047023
"Norway","1979",0.224,9650.62029986231,12026.4304530472,13827.6212906006,15343.2159914406,16891.9357586845,18508.3496151493,20337.3911544034,22718.7707416454,26740.6602079988
"Palestine","2017",0.422,2685.91327510186,4099.89784346062,5399.96225521187,7077.03843549035,8874.992596669,10846.806705089,13462.7560249487,16988.2299875836,22464.6992727011
"Panama","2016",0.457,3370.94132175568,5559.49680513379,7602.35376152594,9649.69802605366,11991.8981457799,14901.4369723318,18596.6955112841,23826.4148791448,34461.9010378045
"Panama","2013",0.464,2920.37215693131,4713.27868811986,6279.18535328277,8090.76683790687,10276.8772373261,12584.012024029,15587.2220399036,20058.5115653052,29372.81160725
"Panama","2010",0.468,2440.87654549543,4032.82819354865,5642.73224929237,7265.1972471805,8987.6639999311,11154.4013931727,13926.6149646381,17923.9140463524,26106.3926993301
"Panama","2007",0.478,2135.08206115733,3523.09958794933,4968.7338421846,6519.11976442949,8275.09490280464,10175.9448860082,13106.095307062,17154.271733514,25272.1398331654
"Paraguay","2016",0.463,2378.7009037972,3755.9312072354,4960.92707431167,6255.43402564298,7994.56952149378,9790.13108793998,12261.057066743,15569.3898806683,22840.1844495953
"Paraguay","2013",0.464,2627.33925839305,3994.42789426776,5422.87600611415,6788.86649099198,8411.42908753821,10301.3960688029,12851.1427135458,16738.8448532443,24691.4401683213
"Paraguay","2010",0.475,1986.57609219369,3074.76894295195,4288.92675723902,5582.02882578978,7000.85063094993,8630.21360822994,10678.2294676415,13789.7148688355,19805.1980777713
"Paraguay","2007",0.474,1842.32209278185,3008.49937979578,4088.72550109809,5105.59275018927,6190.2923013547,7696.94964817875,9651.54993437999,12458.6945278295,18449.3037493639
"Paraguay","2004",0.473,1808.38286469121,2726.94447995313,3597.97914145086,4408.32593134066,5388.01611609726,6679.6225321944,8514.37266370927,11086.2156984231,16898.4860685184
"Paraguay","2000",0.508,1596.51291435084,2689.66259305227,3825.62614832323,5071.67642352459,6421.58447052273,8219.75823348669,10396.5455139566,13682.4605975555,21247.548212685
"Peru","2016",0.448,1467.62925803751,2738.35909532642,3968.04939938315,5194.29173768171,6504.11969337817,7904.64201527393,9762.41964688893,12239.7083952164,17083.1409789637
"Peru","2013",0.455,1313.25588496945,2591.75223187886,3788.53832116806,4986.87807059714,6290.0988983937,7742.63644657722,9499.31439111563,12108.597609333,16462.7824611369
"Peru","2010",0.47,1110.53555634323,2229.69919469648,3286.73097266151,4405.28461151132,5553.86267760285,6882.70453831962,8616.44764380422,11050.5191911335,15443.5885791466
"Peru","2007",0.5,858.191724824151,1665.74251527307,2533.73892367108,3498.45974371995,4559.77756578996,5847.17718563162,7440.02235448858,9810.92152003751,14355.2568922585
"Peru","2004",0.519,486.132413008706,1109.15487839914,1847.68353974251,2720.44723162866,3575.95830269694,4624.033774118,5899.15339561002,7796.11899187254,11524.0763292462
"Poland","2016",0.288,7985.75906140052,10140.447494308,11778.8461560854,13478.6037180778,15074.5802567361,16913.6789468819,19220.0895145633,22293.4409145159,27887.973447764
"Poland","2013",0.316,6147.4959250147,8010.44889464295,9549.35824698385,11027.2118257682,12604.5097344786,14298.2466250155,16370.3283468429,19292.6169405285,24555.4922523113
"Poland","2010",0.31,6339.59633374976,8095.64857393053,9521.33312907993,10974.0095945751,12502.9199927059,14164.0486268804,16285.085550036,19266.2277970302,24584.2031977014
"Poland","2007",0.31,5480.22250618879,6997.94535348556,8186.41162713711,9361.3420952796,10635.0258191826,12079.7781751116,13814.4141038557,16338.4689146374,20703.1923986061
"Poland","2004",0.315,4315.95779883495,5653.39375000033,6723.46729443977,7744.68562215177,8861.96526207891,10039.0255469468,11543.848678214,13596.2817568862,17358.441280864
"Poland","1999",0.286,4659.50363664964,5960.72332149806,7013.43293725887,7991.39964174805,9017.85133812478,10078.4419603337,11377.3084884465,13201.6019022105,16486.1476992939
"Poland","1995",0.318,3439.42182689793,4655.48347824797,5599.65227964305,6450.48999877298,7330.10441937602,8316.61961585326,9461.67075337694,11043.8639483295,13852.8169336989
"Poland","1992",0.262,5421.42603733923,6608.33479694792,7528.90498858099,8501.28582077405,9470.50501827994,10639.0950851059,11968.8961271794,13837.9437674434,17118.2725699513
"Poland","1986",0.271,5197.03559698715,6577.19648446167,7895.18448360843,9075.69702781928,10324.9472994981,11685.413669552,13225.4476984408,15247.8043206299,18245.6188056508
"Romania","1997",0.278,2474.5449386639,3123.47124623054,3669.30221033339,4157.35742733356,4651.07278083763,5219.77531693581,5872.1670141987,6770.24842353822,8404.65455206177
"Romania","1995",0.277,2675.79968976065,3380.21434216308,3970.32475130794,4520.66926804071,5099.20398932588,5705.42957176559,6462.93350633232,7443.05380663977,9164.19970938428
"Russia","2018",0.321,8017.52757478334,10257.8990909694,12208.3537673649,14307.6856760519,16555.1517427738,19015.659026323,22311.2550961296,26842.388316852,34662.8648341646
"Russia","2017",0.318,7788.53701357267,10000.1367846441,11979.3460216306,14103.1314051315,16344.9935408326,18863.6820716375,21893.0916211475,26242.3266851329,33945.4736796907
"Russia","2016",0.331,7620.22607799631,9937.69613265409,12045.4385546037,14254.5224838806,16621.6641147655,19251.973087252,22538.1004645997,26973.4747746738,35205.3266727027
"Russia","2015",0.331,7810.03153478171,10303.8919482512,12577.3532292026,14783.1582969642,17234.1179411126,20039.5005566049,23576.6794885163,28102.6641985172,36794.0566906417
"Russia","2014",0.34,8353.26694467123,11019.4782660323,13404.9836530116,15799.986879028,18413.8963963941,21386.7412448002,25141.0782890008,30131.7499533546,40287.759325672
"Russia","2013",0.349,8299.72497598743,11111.6549490247,13527.7970952709,16057.7925474801,18886.2356146165,21966.8452424458,25658.9611840087,31187.4747584747,41410.3421473853
"Russia","2011",0.363,7015.98367712398,9235.82008322704,11379.8861693229,13280.3991504026,15720.3312383111,18703.7592122217,22420.3956955095,28139.4594198807,37839.3123008701
"Russia","2010",0.335,5713.82140754741,7650.58180488674,9289.99219164819,10814.0363587097,12521.4205384084,14364.3576744812,16962.1751150036,20429.0246148698,26466.1097766204
"Russia","2007",0.344,4172.61585536177,5718.45099226151,7384.50466775982,8823.00876934721,10403.717849336,12271.1363283008,14540.0197874228,17330.8969885215,22353.1548228913
"Russia","2004",0.387,2755.82425836043,3853.00593883028,4843.81697841872,5894.18818031616,7151.48515899278,8367.35875867319,10176.2733315786,12803.8214865967,16955.5460099599
"Russia","2000",0.408,1666.34058099716,2295.69619613916,2919.04356437348,3555.86528498184,4229.96486981721,5145.64555556949,6254.6630738153,7701.75424829462,10805.3680359556
"Serbia","2016",0.324,3486.91179098506,5008.1396258583,6157.72532455149,7310.40588081975,8525.79378676835,9884.34231582352,11379.7798605674,13372.3824962764,16437.4597985974
"Serbia","2013",0.339,2937.94530066093,4227.86250891602,5334.01838094997,6363.39035965146,7423.30356996385,8640.97014010296,9938.72820400347,11858.3902962135,14756.0296012743
"Serbia","2010",0.326,3198.52277728243,4715.41218153362,5986.47578313369,7049.17604531413,8048.65588608523,9350.45673408233,10749.9388851045,12895.5172134073,16150.788904324
"Serbia","2006",0.347,2639.82402123263,3998.00495819846,5133.25303255938,6113.23770241162,7231.60713525384,8469.86750372298,9878.95004997763,11899.8138482058,14849.0101242946
"Slovakia","2018",0.236,8051.19666609026,10217.7932163241,11899.393872724,13335.6210313853,14901.476821621,16649.7154485689,18553.7293868171,20880.1368045811,24340.8748442321
"Slovakia","2017",0.219,8260.29682289804,10368.7829549297,12015.1825252112,13336.4472826289,14859.2882139662,16425.2951483548,17990.8070003996,20239.6214723361,23167.1517718609
"Slovakia","2016",0.233,7778.48441228866,9886.88042233588,11388.4184027132,12737.2948611857,14163.9699325768,15713.5970709467,17228.0334624034,19283.1737377999,22909.3417939672
"Slovakia","2015",0.25,7342.92029916076,9300.23337580658,10636.0198541316,12052.102885823,13501.0412523595,15052.0889577219,16717.9175393104,18878.1284925148,22433.2896599212
"Slovakia","2014",0.246,7148.03209565587,9346.74270385775,10693.8448555908,11921.8650137172,13318.2337300728,14914.0286630817,16613.1465302296,18874.716216908,22216.8801904189
"Slovakia","2013",0.271,6951.65308897498,9065.27966398856,10501.8721325674,11787.792424751,13159.3584498145,14820.4081888664,16576.6402445371,19051.1368649837,23196.8369577137
"Slovakia","2010",0.262,7312.83135425033,9232.29295531409,10678.922076695,12034.4095828651,13456.6659508524,15058.8012532045,16955.7890692207,19484.7131245781,23763.1260428525
"Slovakia","2007",0.248,6957.65265097473,8535.22649883838,9877.70956007789,11132.3363273302,12459.0734828365,13838.2881119934,15425.978076433,17561.5308109767,21204.3202269935
"Slovakia","2004",0.269,5059.49760075902,6410.2415363045,7582.81591563661,8554.73606889433,9514.2736037402,10684.7625336143,11969.7665563646,13692.7002790406,16716.8055028609
"Slovakia","1996",0.25,4900.9364537557,6250.84265151498,7257.73307166392,8084.88138395622,8939.80663929681,9884.0325801253,10984.7904357418,12485.7035793295,14886.6733317198
"Slovakia","1992",0.189,5978.53254369876,6971.76503923362,7699.70311829157,8386.62329287864,9053.04687002076,9814.26875469455,10642.9725050972,11708.4558154953,13455.4108378684
"Slovenia","2015",0.263,10794.3524339609,14260.7108547297,16771.7984123104,19088.681385725,21660.2582813432,24335.0004574252,27358.2414878541,31195.5704700657,37218.0816689415
"Slovenia","2012",0.271,10572.72295817,13802.8180417794,16211.8176362224,18548.0445296917,21125.8560076976,23799.1760125641,26915.864422814,30928.4945406627,37181.201486105
"Slovenia","2010",0.252,10759.5553182766,14386.4477499222,16803.7103808096,18970.8172824448,21348.7195725941,23494.7912757366,26555.9851103196,29830.7869681057,35457.4792086396
"Slovenia","2007",0.23,10914.9973984594,13971.8905788066,16335.0615923808,18122.7666919008,20138.6962211237,22268.6383790965,24608.1366099968,27666.4257901105,32531.3019534763
"Slovenia","2004",0.231,10452.3510973814,13106.7283735785,14917.1308945524,16728.9391485192,18496.0763318237,20312.6543159316,22621.7855214863,25527.1837572577,30518.2348436351
"Slovenia","1999",0.232,9117.27135813004,11524.7508716825,13423.8356362253,15088.8412356966,16693.1144064757,18353.7001475913,20214.2086483976,22514.2168144452,26592.9336027608
"Slovenia","1997",0.229,9220.42801093364,11605.0006049547,13272.3263690526,14919.5926468763,16575.0911616835,18354.1321658694,20091.5467117595,22277.3328055717,26391.2210868681
"South Africa","2017",0.583,1343.6588897074,2088.75271004535,3039.68486488179,4044.85221673024,5592.42925423426,7577.27186098591,10614.7380368597,16171.4990902111,29866.5071594671
"South Africa","2015",0.578,1240.23443070564,2013.17305028645,2773.24858968031,3773.49755704338,5105.93103374752,7072.55185388068,9991.26229654707,14756.1075489216,26566.5442279922
"South Africa","2012",0.586,1084.61024277205,1741.36886002659,2501.59527736662,3423.22676286228,4567.18326275134,6427.7773011534,9267.34697200148,15001.9283756482,25401.9251874653
"South Africa","2010",0.595,836.266739301902,1445.06892551369,2093.52375844068,2890.13785102737,3974.15898155503,5615.23322044862,7829.12921334441,12420.1316990719,21493.9870877289
"South Africa","2008",0.603,801.522874708678,1355.63153449084,1908.40396519298,2562.17370765922,3386.5770161137,4535.79974110842,7208.87423928514,11992.9332954927,22419.8334909546
"South Korea","2016",0.304,9325.57791011462,14459.8889648499,17944.31529253,20923.4145333748,24166.4077815825,27173.1749063449,30977.3868803224,35957.4867204688,44141.0978922314
"South Korea","2014",0.302,9374.97368360971,14199.6155119219,17570.3879772508,20592.1228081423,23545.6464959387,26687.9482838946,30503.2081692608,35451.3142887692,43895.9341254842
"South Korea","2012",0.306,8965.21519592236,13621.0609950227,16823.5252926554,19885.5380447688,22785.6409820087,25933.5670383505,29777.7066181632,34378.7807711463,43002.6686855814
"South Korea","2010",0.309,8507.30094982972,12714.2736053302,15908.8633630921,18837.6627240338,21467.1916512605,24454.9231654047,27980.4994389583,32683.0445023655,40749.5051577941
"South Korea","2008",0.314,8467.44191593331,12347.3907863899,15495.3891427707,18203.766669381,20985.7336051334,23970.2001998168,27442.4262657697,32466.5221343848,40621.4635544464
"South Korea","2006",0.305,8565.74844414677,12288.6600732912,15227.8012258786,18045.4457400858,20692.7389396353,23524.8832578202,26973.572972038,31454.2637868112,38584.7804302467
"Spain","2016",0.339,9032.76817616037,13072.4000523949,16290.7149301886,19468.8028447638,23103.6959182698,26834.9956824623,31251.2915623577,37486.1982625017,46596.3070007299
"Spain","2013",0.343,8424.01669474996,12159.6629332496,15053.331409429,18049.0505543376,21373.6149632852,24943.088174618,29408.2416412439,35260.470528452,44539.3386759599
"Spain","2010",0.333,8737.04870816113,12412.918072959,15455.7417879973,18354.7506225432,21727.9759900445,25430.4104114515,29546.4691237714,35047.4062220842,44704.3159578317
"Spain","2007",0.307,10826.8143352784,14403.7472882922,17668.4909833081,20707.0879827627,24206.4690447009,27586.6262583041,31880.6954924517,37223.1113029398,46708.968293136
"Spain","2004",0.316,9571.59142914749,12889.4953051072,15787.6736937231,18820.3642611416,21872.7009427267,25295.3634209606,29445.6533255288,34689.9892029909,43148.0905525654
"Spain","2000",0.336,9862.80244904082,13049.8346594901,15870.2924434625,18924.1868308423,22254.0243860851,25808.426439301,30403.4660002807,35901.570197551,46216.3759877673
"Spain","1995",0.353,7693.6426894181,10427.1003288184,13114.163051744,15290.3331010477,17588.2335182313,20994.9626102124,24996.155570634,30338.3940832034,39242.3847569421
"Spain","1990",0.3,7949.39334949228,10124.496797863,12072.6060104321,13989.8578128008,15893.5183606577,18247.8276299287,21070.7749968539,24769.4248548921,31271.6303613264
"Spain","1985",0.314,6127.11761988668,7763.52148237667,9361.40473669332,10912.1799861101,12297.4175775983,13964.1206717234,16040.5974443996,19126.1918763412,24969.1692306761
"Spain","1980",0.318,5963.07762016009,7807.50035363717,9592.60643711202,11269.6264713614,12910.4364260525,14739.7221003668,17041.7795193753,20280.1721694547,26041.3626642149
"Sweden","2005",0.237,13215.8659472427,15924.6388232246,18380.1032818656,20699.5563106705,22949.6453016538,25240.3633422143,27846.9679767151,31428.2575017115,37282.3138147912
"Sweden","2000",0.252,11343.265789171,13859.5917277596,16064.3935211021,18033.6727859967,19951.312404244,22038.455614669,24453.7777871037,27898.4183966821,33614.7351746844
"Sweden","1995",0.221,10259.325703642,12876.1601033665,14461.1250085925,15780.5958728656,17122.9450241323,18535.7567148241,20204.3184251039,22653.2001133449,26759.0151925258
"Sweden","1992",0.229,10494.8421945674,12915.8524165605,14966.0751869068,16749.5823012162,18284.4301608999,20112.4036845595,22189.9062286038,24726.6680204129,29133.5132291048
"Sweden","1987",0.211,9024.09255981882,11187.6676792321,12930.1499714545,14340.5558433793,15764.2176776189,17208.6670120551,18657.6750159524,20784.0279513483,23732.6270661392
"Sweden","1981",0.197,9089.44600944917,10904.8310689634,12210.1558060267,13421.3050959677,14649.1571518956,16005.7721178826,17422.6764703056,19224.178309985,22087.3538029615
"Sweden","1975",0.215,8117.66936772991,10066.766716323,11575.8065906272,13024.5310679866,14493.400034023,15865.4635405836,17474.596343002,19312.9683904433,22168.0948935898
"Sweden","1967",0.26,,,,,,,,,
"Switzerland","2018",0.299,18612.0244556116,24467.1215917032,29224.5138956303,33444.5023157585,38126.374400996,43198.5883625225,48961.2254038933,56660.8465162265,70544.5881981886
"Switzerland","2017",0.299,19653.4009188682,25159.8309585228,30018.0418149104,34663.4332073626,38533.8672532361,43725.4415284191,49417.720385715,57466.1101826673,72606.8264398805
"Switzerland","2016",0.297,19110.4437463269,25206.677780606,29960.7985091071,34211.9605216918,38636.18509281,43524.9641836984,49440.3980356864,57374.8270169412,72607.6236216039
"Switzerland","2015",0.293,19699.0865078062,25083.9251881457,29382.4540007389,33658.6387518216,38138.0919505697,43257.3358906288,49196.5620076557,56587.1117120191,70885.7016476793
"Switzerland","2014",0.298,19449.3392949497,24811.2819697879,29729.9471350662,33787.7527327629,38488.5100110426,43192.898043084,49041.4387881861,57417.2110285694,71392.9178555161
"Switzerland","2013",0.295,19758.082102088,25064.2679046004,29289.6790305043,33464.9382142948,37870.6784145209,42490.3491518149,48284.0409833264,56429.0840909373,70524.2960276638
"Switzerland","2012",0.285,20379.7419935237,26183.5443159241,30742.4864811274,35327.276134497,39666.4578821041,44758.6221589639,50114.2849424446,57708.9071643694,71319.5649525755
"Switzerland","2011",0.289,19151.0423456013,25328.9261832255,29685.218481213,33941.2788224206,38764.6104499266,43718.7050401992,49357.904729236,57286.7386203192,70478.5501969512
"Switzerland","2010",0.294,19371.4241430905,24458.4331086622,28865.280158755,32832.0576980676,37476.625354157,42374.758032664,48337.2811553785,55720.0567960432,68312.0462561621
"Switzerland","2009",0.296,18942.7109841755,24501.0239576047,28407.3554635927,32810.4934755237,37149.8017881473,42006.2192475034,48066.5622043558,55371.3581606657,68473.1288063382
"Switzerland","2008",0.305,18668.1251524815,23846.0344898588,28226.5834931209,32367.9016760832,36614.5764572222,41905.1264313841,48165.7171200429,55746.3557881725,69373.0324725842
"Switzerland","2007",0.306,18787.4342326796,23671.0556917606,28078.5551756373,32233.577601369,36656.9235676767,41227.9473568657,46791.2754386414,55198.7600800627,69950.9814542612
"Switzerland","2006",0.299,18272.8260003324,23607.2578075036,27829.7644445012,31612.6025760727,35798.8359697842,40677.7676262241,46175.4371625232,53838.425282002,68022.981231694
"Switzerland","2004",0.268,18383.5435515026,23278.0385563316,27023.3287444085,30700.6315813372,34220.4122296161,38071.737160268,42970.1675546359,49810.5437028608,60329.0415212268
"Switzerland","2002",0.273,19160.7281218928,23659.5975075486,27302.3674009381,31613.7356375673,35530.0173172694,40186.6998120829,45512.5812220169,52760.0625462768,64691.9393444362
"Switzerland","2000",0.28,18164.7386943533,22572.579429678,26490.9853406747,29982.0233302355,33418.321672987,37375.881902183,42870.1093812972,50063.1298831248,60711.9943138839
"Switzerland","1992",0.307,17376.8649688734,22521.3800622022,26153.0582191464,29796.7864961025,33473.032168173,37400.3084246458,42900.7948891058,50320.2099936664,62872.7986498261
"Switzerland","1982",0.309,17935.8673201025,22537.9576621963,25907.3639068148,29131.130908794,32941.0373656785,36638.5457206904,41381.445516315,47711.7516292924,60841.2754191714
"Taiwan","2016",0.303,,,,,,,,,
"Taiwan","2013",0.308,,,,,,,,,
"Taiwan","2010",0.317,,,,,,,,,
"Taiwan","2007",0.307,,,,,,,,,
"Taiwan","2005",0.305,,,,,,,,,
"Taiwan","2000",0.289,,,,,,,,,
"Taiwan","1997",0.287,,,,,,,,,
"Taiwan","1995",0.291,,,,,,,,,
"Taiwan","1991",0.271,,,,,,,,,
"Taiwan","1986",0.269,,,,,,,,,
"Taiwan","1981",0.267,,,,,,,,,
"United Kingdom","2018",0.314,13596.8871616357,17086.739670581,20131.5381868195,23220.20469565,26592.1257864547,30798.2494511653,35785.9467722545,42479.2114172852,54956.1688318309
"United Kingdom","2017",0.307,13439.8017753284,16831.9691300281,19883.6618436572,22948.537336804,26559.6771159556,30482.0090393297,35196.70455932,42227.9952312197,53073.4191340953
"United Kingdom","2016",0.308,13462.1419090068,16868.7267411768,19732.0546484022,22794.8984666879,26284.1125355813,30270.9451821065,35180.9597867415,41529.5195524455,52498.5813598571
"United Kingdom","2015",0.312,13405.529877156,16644.0283160282,19491.6961278071,22440.2127956323,25879.4741246401,29849.2087313506,34856.5654273149,41499.3273044376,51934.5091294468
"United Kingdom","2014",0.311,13331.3416179832,16453.2926054692,19301.1189592766,22261.4390270981,25552.5587504826,29462.7348470509,34400.0560186952,40725.968747115,51901.8728701791
"United Kingdom","2013",0.302,13174.8354992241,16215.5101021419,18757.3122238113,21545.5622259046,24947.6460815288,28655.502599481,33368.7593229733,39726.9762804509,50157.3173235028
"United Kingdom","2012",0.309,13053.6870158385,16135.6242893009,18834.4028981606,21617.224816777,24762.9745544838,28290.0877983895,32984.7822165843,38992.7070056271,50240.5346082915
"United Kingdom","2011",0.311,13070.2923983941,15947.2650029616,18701.4915891428,21475.8773931639,24659.2754543053,28529.3107388714,32973.5510506237,39707.8382777709,50342.9193867411
"United Kingdom","2010",0.318,13080.5092600163,16120.4273298422,18922.5090070637,21994.0635041298,25210.8051699389,28905.0808450761,33505.3124735481,39764.0525727199,51742.0626577019
"United Kingdom","2009",0.33,12989.1851523361,16169.0496143769,19045.2763914921,22204.9296856344,25603.4395143126,29656.6666037661,34608.6063778646,41732.3947115301,53769.8356980047
"United Kingdom","2008",0.331,12912.55194491,16167.5540835256,19196.6689448774,22439.863436609,25880.5970820797,30080.9926516788,35102.2166264973,42168.2612245207,54101.8716090668
"United Kingdom","2007",0.332,12637.9441395564,15972.7628430373,19107.8403198531,22389.0807072717,25990.5234450615,30203.8052645815,35121.7114814975,42019.7979774535,54010.8874720833
"United Kingdom","2006",0.337,12432.0127306754,15738.1257226287,18820.8412867387,22041.6120047318,25391.571756298,29532.2797255233,34515.8986041748,41221.7293935807,53648.376171537
"United Kingdom","2005",0.333,12504.7137551153,15682.3143839962,18515.5530034094,21553.1938233533,25108.204139585,29064.0043846519,33959.8604418282,40588.9447652552,52097.4251375295
"United Kingdom","2004",0.33,12443.0009090326,15582.9586262812,18447.6834069233,21516.2009365578,24742.9809591477,28554.1342013887,33375.2009923455,39804.3574973191,51643.8557088667
"United Kingdom","2003",0.33,11828.3676771506,14942.4191325799,17837.898481182,20904.9491682543,24180.0127490788,28011.6342088618,32762.2469955787,38779.0918522879,49579.0268413089
"United Kingdom","2002",0.333,11436.2529839776,14544.5995785068,17437.2596266537,20501.6780305012,23764.5700889049,27443.1011190228,31833.5993869467,37822.2643827041,49219.3716946607
"United Kingdom","2001",0.345,11224.9647860691,14036.6210942273,17078.0098930816,20100.4299055614,23390.0077889303,27133.7061892992,31825.9869690666,38390.5028596165,49902.3131387083
"United Kingdom","2000",0.351,10628.977325739,13349.7231630324,16164.2808348284,19265.8151381019,22429.8458332447,26292.4190948891,31017.2098010899,37011.4531994774,48334.7482057968
"United Kingdom","1999",0.339,9927.10080317823,12372.6408120191,15035.0013663063,17836.862941511,21131.2139435399,24519.4958386252,28777.2935140386,34344.9452273833,44028.8795461726
"United Kingdom","1998",0.338,9769.02289471715,12060.5776853391,14671.6342026845,17562.6306766585,20647.9668688496,24251.6327766133,28455.9238237038,33860.4164708308,43446.6978851382
"United Kingdom","1997",0.334,9454.95701555136,11757.0362852437,14268.0470276028,17045.1262413979,19909.856626629,23308.6545889934,27178.9897609823,32506.5345875113,41179.1655145623
"United Kingdom","1996",0.329,9262.18672139037,11355.6203158162,13771.1698307975,16390.9450546474,19293.8001122704,22597.5598926368,26407.3728352346,31534.8352654637,39971.0604276284
"United Kingdom","1995",0.334,9014.99840689007,10966.9785506982,13089.3353922878,15664.3906347876,18447.0038643773,21624.8817058812,25426.0421309501,30492.945253588,39296.3328021949
"United Kingdom","1994",0.337,8987.36483319726,10996.4945579849,13170.3973698159,15739.7454438003,18420.6184857206,21661.6916126862,25527.3520468871,30747.2506125535,39004.5161351329
"United Kingdom","1991",0.336,7540.9713609677,9578.36924621508,11917.8743332816,14468.2915013058,17078.5604739594,19938.8127535907,23463.3137029359,28226.963736705,35201.0629865949
"United Kingdom","1986",0.303,7609.22983735649,9264.42834346376,10954.830088906,12816.9436012537,14868.1941134172,17231.8389125603,19883.0208061084,23455.2973096589,28897.7833294833
"United Kingdom","1979",0.267,7600.261239248,9523.61354477621,11341.5346169519,13074.8138572254,14792.1811700964,16759.5331024757,19126.044613515,22022.522084866,26460.1687588634
"United Kingdom","1974",0.268,7284.7704593877,9304.51938895908,10968.3925854446,12533.286690877,14073.2436725279,15724.0159202136,17830.6758906565,20540.4116369454,24820.9753858302
"United Kingdom","1969",0.267,6150.37119081556,7457.82031474415,8534.07700891566,9657.2280777002,10795.5611378398,12206.3543432726,13897.3984527205,16214.7662932442,19875.757015607
"United States","2019",0.386,15896.9153700983,22081.6174342571,28039.7824574539,34289.8225996674,41104.8774320065,48541.3185086003,57944.381371732,70650.3005236278,94506.3865230742
"United States","2018",0.384,15069.1270204067,20969.2788961953,26477.1886134322,32516.1519047703,38878.2962301521,45762.2196661316,54315.4323224379,66085.7993045458,88315.8127101946
"United States","2017",0.379,14688.41,20095.831,25134,30873.838,37021.283,43994.063,52518.235,63509.107,84609
"United States","2016",0.378,14458.5443537016,19953.3260634943,25102.5597377995,30652.8818440144,36717.8171485158,43128.0135028955,50475.2750638819,62222.2588691797,83440.8105235401
"United States","2015",0.376,14152.4564256046,19424.6170394038,24177.1924341575,29377.2961618736,34496.2969815107,40760.7535682166,48034.821498388,59102.75609819,79409.6617473208
"United States","2014",0.378,13486.1513631367,18637.4247844119,23293.2947466677,28377.2932769461,33400.3360386422,39149.0414300941,46320.2130641917,57378.8201763214,77529.3170439684
"United States","2013",0.374,13553.1456340474,18590.0320819823,23095.355074996,28133.4431458227,33735.5479595349,39993.5357958585,47407.7373844075,57719.4610747332,75590.6322576157
"United States","2012",0.374,13427.4855551124,18513.3253365617,23099.1324741311,28120.4206089939,33810.5303367143,40409.5037179777,47832.6366678309,58415.0273232472,75592.7005896666
"United States","2011",0.374,13552.7854179093,18551.3081092296,23103.5456515262,28067.9471868599,33573.0293431188,39931.946788141,47724.4671300798,58024.9534610749,75686.2967808151
"United States","2010",0.364,13590.2369049107,18882.1312452832,23462.9651558243,28515.1575878677,34077.8929620576,40453.5471263816,47837.3002677837,57608.9795216071,74557.1924521016
"United States","2009",0.365,14061.8116084716,19331.4010646571,23925.6008744025,28949.2092633808,34438.7890239602,40765.0969937588,48237.0848264831,57906.2267241006,74818.8461430898
"United States","2008",0.368,13264.8297907828,18575.0214785012,23478.8009635727,28720.668495489,34198.444663402,40381.2838129319,47773.2862174539,57305.8567693519,74204.7385771901
"United States","2007",0.369,13448.6553597431,18910.4232411041,24131.9024886632,29460.3492853409,35164.4498191198,41486.8393848503,48834.4597454836,58593.4794447452,75714.3862580581
"United States","2006",0.373,13452.952271506,19099.2891184532,24095.3026652475,29172.3038601795,34812.0273116636,41191.2813388204,48703.5173746643,58731.1308343167,75990.4782498721
"United States","2005",0.37,13454.2416737381,18931.715784536,24007.5883129401,29241.3218276404,34735.5069542651,40830.9095965161,48183.5883707043,57661.8383209006,75053.9742671221
"United States","2004",0.362,13407.5463405961,18909.3716434992,23914.4531239964,29293.6611025325,34658.1086991354,40691.5387475913,47898.6462625079,57098.9685532739,73133.5734841881
"United States","2003",0.368,13109.2089565663,18516.0501744055,23567.2729000998,28832.059130238,34371.7279575789,40740.3737825596,48144.9283895812,57725.8264354635,73929.5995660434
"United States","2002",0.361,13369.9388255131,18423.6089643688,23531.4800000001,28740.6108042415,34099.5169985292,40208.4693583508,47129.0520071811,56124.0801566993,71700.7193587957
"United States","2001",0.359,13508.4433340503,18539.0142695784,23531.7416393144,28580.9803322667,33952.2001176583,39775.5118731153,46331.1935993154,55199.6076653005,70685.374197233
"United States","2000",0.355,13654.6853159045,18850.4304630082,23852.3930637873,28950.4633237298,34227.3000644649,39930.4612540313,46502.2596290652,55358.1639881269,71027.5372651933
"United States","1999",0.355,13452.9691300416,18578.7562293062,23521.0983781456,28598.7783219647,34017.9363696384,39925.4662164192,46687.132045125,55478.6926298866,70886.9162600908
"United States","1998",0.355,13024.370728447,18103.7001136292,23028.7849841522,27942.2310290017,33238.3207606974,38876.9032381143,45386.1570919178,54281.8108000002,68664.5603011096
"United States","1997",0.358,12786.9792945515,17532.7285780423,22057.787774956,26820.7394596902,31922.8601926411,37427.9889781566,43841.0319451591,52413.3358923063,67517.7069307448
"United States","1996",0.355,12558.3740622676,17215.4382979466,21485.6652308469,26120.9648478643,31254.5190497371,36633.7226120472,42926.0102964617,51290.4890861945,65988.643810549
"United States","1995",0.354,12496.7153909412,17153.6153579214,21438.2450850378,26016.4874833507,30912.2764976076,36150.2458014329,42426.0899732037,50662.783573499,64942.7185981792
"United States","1994",0.359,11934.3048802047,16707.5591661157,20993.1970524991,25481.050946773,30304.6669921095,35776.0188746951,42191.7174139316,50442.0779482292,64748.1994401812
"United States","1993",0.361,11367.2082212576,16086.9752639257,20457.231616487,25038.2548947218,29911.5178425153,35263.0596484455,41760.8889396281,50096.8054364207,63835.8572047392
"United States","1992",0.349,11562.332380351,16299.0821375401,20817.8411301818,25401.6932164035,30318.3722190879,35705.565526185,41647.5821625016,49593.6981425943,63056.9001372671
"United States","1991",0.344,11813.9749984703,16511.4879091967,21050.6172428563,25712.1338860675,30442.0434375575,35690.9201768801,41702.0736750506,49447.6947247447,62897.4139114516
"United States","1986",0.339,11483.4109918308,16360.8616989623,21172.7993381054,25786.0620852848,30381.8792805483,35530.0435367218,41422.6460122939,49294.6108342471,62069.1313198512
"United States","1979",0.309,12734.7349494776,17466.5645912275,21911.2218224711,25924.2254095075,30023.8542404066,34407.9332443451,39482.2007701403,46310.1228642785,56939.4401781837
"United States","1974",0.316,11308.1944914653,16929.0843925977,21052.8599374684,24826.3675930371,28793.1191268465,32759.9402568871,37482.541659625,44150.1638491383,54552.0811890995
"Uruguay","2016",0.359,5553.62803928109,7205.1224487285,8718.20029977529,10313.6486047161,12178.3015584597,14218.7256528216,16898.7400415004,20725.9923651789,28128.1325078102
"Uruguay","2013",0.369,5123.8509874361,6669.60637303079,8153.49918603354,9729.10329422545,11522.2572479465,13557.8560208407,16201.4516267557,19976.0729531175,27282.862582068
"Uruguay","2010",0.394,4401.21128973046,5697.42107153487,6924.00718630365,8200.46018823234,9708.49517645295,11562.2271838086,14013.8165697634,17821.5837492524,25281.105333753
"Uruguay","2007",0.422,3522.62173302789,4558.12852946875,5567.16025839485,6641.0995969548,7928.8352048123,9568.26774748894,11806.1729904762,15357.4172777783,22620.6329899874
"Uruguay","2004",0.424,2674.79208463911,3622.61003796396,4517.36272006088,5472.35232459141,6561.94634643287,7969.85997224764,9792.67187667539,12618.1521420184,18469.7144226524
"Vietnam","2013",0.348,3390.56654621604,4524.67928075447,5560.7371995614,6673.05533708865,7799.19039027727,9049.73709671162,10501.1036973295,12652.0618949322,16754.6827136391
"Vietnam","2011",0.359,3317.20700175453,4367.59105076164,5267.55189999696,6241.46948136569,7335.60991667196,8573.02645473696,10138.3853634932,12321.7929636549,16118.6349017159
