Entity,Year,Gini – equiv_disposable,Gini – equiv_market,Gini – percap_disposable,Gini – percap_market,Top 10pc share – equiv_disposable,Top 10pc share – equiv_market,Top 10pc share – percap_disposable,Top 10pc share – percap_market
Australia,1981,28.199999999999996,40.400000000000006,31.3,44.0,20.7114,25.3814,23.3191,28.5571
Australia,1985,29.299999999999997,43.7,32.5,47.4,21.633,27.6839,24.2772,31.0192
Australia,1989,30.4,43.1,33.1,46.300000000000004,22.4356,27.752,24.6904,30.4024
Australia,1995,31.1,47.0,32.9,49.7,22.7384,29.0784,24.6306,31.8406
Australia,2001,32.0,48.1,33.7,50.5,23.5894,30.1565,25.1233,32.1857
Australia,2003,31.6,46.9,33.7,49.6,23.0152,29.1615,25.1594,31.8081
Australia,2004,31.1,45.7,32.7,48.1,23.5554,29.0491,25.0199,31.064
Australia,2008,33.5,46.9,35.5,49.4,25.7203,31.2839,27.4164,33.4444
Australia,2010,33.300000000000004,47.3,34.9,49.4,24.8845,30.3982,26.3605,32.2021
Australia,2014,32.9,48.1,34.2,49.9,25.5024,32.6434,26.7302,34.2069
Australia,2016,32.6,45.9,33.7,47.5,24.7741,30.7677,25.8249,32.0977
Australia,2018,32.9,46.9,34.2,48.6,25.1997,31.7626,26.4557,33.126
Austria,1994,27.800000000000004,43.8,30.8,47.599999999999994,21.777,27.268,24.003,30.8752
Austria,1995,26.6,43.7,29.9,47.3,21.1158,27.6185,23.3414,30.8417
Austria,1996,25.8,43.5,29.299999999999997,47.5,20.3351,27.1217,23.1278,30.8086
Austria,1997,25.5,43.4,29.099999999999998,47.4,20.0592,26.7349,22.644,30.769
Austria,1998,27.500000000000004,44.9,31.3,48.8,22.2563,28.5377,24.9982,32.0512
Austria,1999,26.200000000000003,44.0,29.7,47.699999999999996,21.2059,27.4915,23.7468,31.0896
Austria,2000,25.4,43.6,28.9,47.3,20.6036,27.2789,22.9367,30.4035
Austria,2003,26.5,45.1,29.599999999999998,48.3,21.3393,28.4883,23.5392,31.6812
Austria,2004,26.8,45.6,29.9,48.8,22.0364,28.9304,23.8801,31.705
Austria,2005,26.0,46.2,28.799999999999997,49.5,21.0588,28.376,22.868,31.8437
Austria,2006,26.8,47.699999999999996,29.7,50.7,21.7931,29.7501,23.7801,32.9382
Austria,2007,28.4,48.6,30.599999999999998,51.4,22.1949,30.7191,23.8709,33.8121
Austria,2008,28.000000000000004,49.0,30.4,52.0,22.2378,31.1528,24.1139,34.5851
Austria,2009,28.9,50.6,31.4,53.300000000000004,22.9112,32.3594,24.7046,35.3334
Austria,2010,28.000000000000004,49.8,30.3,52.400000000000006,22.1773,30.9039,23.6672,33.614
Austria,2011,28.199999999999996,49.6,30.9,52.400000000000006,22.2599,31.0864,23.8736,33.7161
Austria,2012,27.700000000000003,49.5,30.599999999999998,52.400000000000006,21.7198,30.7545,23.6161,33.7899
Austria,2013,28.000000000000004,49.7,31.1,52.900000000000006,22.4941,31.1161,24.4794,34.429
Austria,2014,27.500000000000004,49.5,30.7,52.800000000000004,22.1878,31.0075,24.2447,34.4169
Austria,2015,27.6,49.7,30.8,52.900000000000006,22.0004,31.0976,24.0319,34.4022
Austria,2016,28.499999999999996,50.3,31.0,53.0,22.4421,31.8777,24.0239,34.5245
Austria,2017,27.700000000000003,48.8,30.0,51.5,21.8421,30.1465,23.2091,32.9157
Austria,2018,28.000000000000004,49.7,31.0,52.800000000000004,22.3748,31.0995,24.0545,34.1201
Austria,2019,27.400000000000002,49.1,30.4,52.2,21.7319,30.7803,23.3517,33.7121
Belgium,1985,22.8,41.699999999999996,25.2,44.6,19.0669,24.17,19.1502,27.0821
Belgium,1988,23.5,42.4,25.7,45.300000000000004,19.652,24.9415,19.8434,27.6163
Belgium,1992,22.8,45.6,24.9,48.3,18.6798,26.3068,20.0608,28.8443
Belgium,1995,26.8,46.9,28.4,49.3,21.5448,28.4432,22.8487,31.0852
Belgium,1997,25.1,48.3,26.900000000000002,50.6,19.7236,28.4608,21.5896,31.0239
Belgium,2000,28.9,51.300000000000004,29.9,54.400000000000006,23.6319,34.1729,24.8682,37.5867
Belgium,2003,26.1,48.5,28.299999999999997,51.5,20.5639,28.1923,22.3801,31.4302
Belgium,2004,27.1,50.2,28.799999999999997,53.400000000000006,21.9555,30.4583,23.174,34.0239
Belgium,2005,27.0,49.0,28.299999999999997,52.0,21.6756,29.9344,22.6702,33.2622
Belgium,2006,27.200000000000003,48.199999999999996,29.099999999999998,51.1,21.5829,28.6299,23.3013,31.7736
Belgium,2007,27.500000000000004,48.3,29.4,51.300000000000004,21.9729,29.0006,23.5485,32.0799
Belgium,2008,26.200000000000003,47.199999999999996,28.4,50.4,20.6228,27.6019,22.5599,31.0509
Belgium,2009,26.700000000000003,47.9,28.4,50.5,20.9649,27.7206,22.3047,30.4557
Belgium,2010,26.3,48.699999999999996,28.199999999999996,51.6,20.5291,28.252,22.3755,31.7627
Belgium,2011,26.8,49.0,28.299999999999997,51.7,20.9416,28.6037,22.4024,31.4911
Belgium,2012,26.6,48.5,27.900000000000002,51.0,20.8603,28.12,22.2817,30.8774
Belgium,2013,26.400000000000002,49.3,27.900000000000002,51.800000000000004,20.438,28.4085,21.925,31.2616
Belgium,2014,26.200000000000003,49.7,27.900000000000002,52.300000000000004,20.4844,28.6665,22.0139,31.4924
Belgium,2015,26.6,50.0,27.800000000000004,52.7,20.6862,28.8055,22.1605,31.992
Belgium,2016,26.5,50.0,27.700000000000003,52.400000000000006,20.799,29.3329,22.0597,32.1181
Belgium,2017,26.0,48.699999999999996,27.3,51.300000000000004,20.1495,28.1267,21.6858,31.2378
Brazil,2006,50.5,59.0,53.5,61.5,39.2886,45.365,41.6866,47.8615
Brazil,2009,47.699999999999996,56.699999999999996,50.8,59.199999999999996,36.965,42.965,39.4078,45.3485
Brazil,2011,46.9,56.49999999999999,49.9,58.9,36.2321,42.4945,38.6158,44.8862
Brazil,2013,46.0,56.39999999999999,49.0,58.8,35.7098,42.1742,38.0349,44.661
Brazil,2016,48.199999999999996,58.199999999999996,50.9,60.4,36.7119,43.3815,38.7067,45.4501
Canada,1971,32.300000000000004,40.2,37.3,45.2,22.9561,26.2199,27.0267,30.6376
Canada,1975,29.299999999999997,37.9,33.4,42.0,21.4645,24.8852,24.6718,28.3323
Canada,1981,28.599999999999998,37.2,32.5,41.199999999999996,21.1489,24.2255,24.2964,27.8181
Canada,1987,28.299999999999997,38.800000000000004,31.5,41.9,21.4852,25.406,23.8845,28.2244
Canada,1991,28.199999999999996,40.8,31.1,43.4,21.4442,26.634,23.5999,29.1767
Canada,1994,28.499999999999996,42.199999999999996,31.3,44.9,21.5437,26.8303,23.6597,29.4739
Canada,1996,30.3,44.4,32.800000000000004,46.5,22.9436,28.7162,24.9824,31.2543
Canada,1997,30.8,44.6,33.2,46.7,23.3916,29.1445,25.4188,31.5466
Canada,1998,31.2,44.7,33.300000000000004,46.6,23.7782,29.3693,25.5674,31.5304
Canada,1999,31.0,43.5,33.1,45.300000000000004,23.5663,28.8285,25.1714,30.8093
Canada,2000,31.8,43.7,33.5,45.300000000000004,24.2988,29.4302,25.6444,31.1012
Canada,2001,31.8,43.8,33.6,45.4,24.311,29.5122,25.6813,31.1501
Canada,2002,31.7,43.4,33.6,45.1,24.0637,29.1817,25.5395,30.8075
Canada,2003,31.8,43.6,33.900000000000006,45.5,24.1156,29.1541,25.8066,31.3377
Canada,2004,32.0,43.7,33.900000000000006,45.300000000000004,24.2937,29.4177,25.6503,31.1252
Canada,2005,31.8,43.3,33.7,45.0,24.1214,29.1346,25.6474,30.9384
Canada,2006,31.8,43.4,34.0,45.4,24.3561,29.4253,26.0143,31.4293
Canada,2007,31.6,43.4,33.7,45.300000000000004,24.2606,29.6064,25.8956,31.5116
Canada,2008,32.2,43.8,33.900000000000006,45.4,24.5736,29.8203,25.9749,31.5388
Canada,2009,32.1,44.4,34.0,46.2,24.4043,29.8841,25.8853,31.7663
Canada,2010,31.8,44.3,33.6,46.0,24.2615,29.7703,25.7754,31.68
Canada,2011,31.3,43.4,32.7,44.7,23.8086,28.957,25.0355,30.5143
Canada,2012,31.7,43.1,33.6,44.800000000000004,23.8099,28.5904,25.2017,30.2588
Canada,2013,32.1,43.6,33.800000000000004,45.2,23.7121,28.5567,25.1544,30.3606
Canada,2014,31.2,42.6,33.2,44.3,23.6019,28.5008,25.1836,30.4448
Canada,2015,32.0,43.8,33.800000000000004,45.5,24.0211,29.1508,25.5065,30.9937
Canada,2016,30.8,43.2,32.800000000000004,45.0,23.2828,28.6796,25.0134,30.565
Canada,2017,31.3,44.1,33.300000000000004,45.800000000000004,23.698,29.3373,25.3509,31.257
Canada,2018,30.599999999999998,42.9,32.6,44.6,23.3173,28.633,24.8325,30.3306
Chile,1990,50.7,55.400000000000006,52.800000000000004,57.3,40.4008,43.4721,42.2687,45.5012
Chile,1992,50.8,54.900000000000006,52.7,56.699999999999996,40.9414,43.4383,42.7495,45.1073
Chile,1994,50.6,54.900000000000006,52.5,56.699999999999996,39.3696,42.0823,41.2217,43.9582
Chile,1996,50.4,54.7,52.5,56.8,39.5356,42.29,41.6195,44.1176
Chile,1998,51.0,55.1,53.400000000000006,57.3,40.2855,42.8846,42.4694,45.1522
Chile,2000,52.6,57.49999999999999,54.800000000000004,59.599999999999994,42.4316,45.7775,44.2552,47.3012
Chile,2003,50.3,54.800000000000004,52.800000000000004,57.199999999999996,39.8768,42.6038,42.2747,45.1631
Chile,2006,47.599999999999994,52.1,50.0,54.50000000000001,37.3633,39.7624,39.7252,42.3272
Chile,2009,47.8,53.800000000000004,50.0,56.10000000000001,38.2364,41.5158,40.4126,43.9788
Chile,2011,46.7,52.5,48.9,54.7,37.245,40.4546,39.4059,42.6515
Chile,2013,46.0,52.1,48.4,54.50000000000001,36.8347,39.989,39.174,42.7089
Chile,2015,45.300000000000004,51.1,47.599999999999994,53.5,36.175,39.0846,38.3982,41.6969
Chile,2017,45.9,52.1,48.199999999999996,54.50000000000001,36.7796,39.9544,39.0812,42.6131
China,2002,41.5,42.4,44.7,45.4,30.3075,31.2145,32.1577,33.1961
China,2013,39.900000000000006,49.8,43.0,52.1,28.5564,33.0427,30.4715,35.0383
China,2018,41.3,49.9,44.1,52.0,29.4457,33.9318,31.2815,35.8976
Colombia,2001,50.9,52.6,54.2,55.7,38.9095,40.613,42.2165,43.8275
Colombia,2002,52.6,54.0,56.10000000000001,57.4,40.1243,41.6758,43.871,45.4517
Colombia,2003,50.4,51.800000000000004,54.1,55.2,38.2814,39.754,41.9468,43.2023
Colombia,2004,51.300000000000004,52.6,55.00000000000001,56.00000000000001,39.3945,40.8089,43.0458,44.2999
Colombia,2005,51.300000000000004,52.6,55.1,56.2,39.7777,41.1541,43.5383,44.8776
Colombia,2006,50.2,51.2,54.1,54.800000000000004,38.4916,39.5242,42.2469,43.0529
Colombia,2007,54.0,56.3,57.599999999999994,59.699999999999996,41.2172,43.9986,44.7943,47.4976
Colombia,2008,52.6,54.800000000000004,56.10000000000001,58.099999999999994,39.8652,42.5295,43.3464,45.9883
Colombia,2009,51.0,53.2,54.400000000000006,56.39999999999999,38.767,41.3568,41.9474,44.4388
Colombia,2010,51.1,53.6,54.6,56.99999999999999,39.0202,41.8076,42.456,45.224
Colombia,2011,50.0,52.7,53.400000000000006,55.900000000000006,37.9924,40.7792,41.2672,43.9196
Colombia,2012,49.1,51.6,52.5,54.800000000000004,36.9006,39.2253,40.1116,42.5637
Colombia,2013,49.1,51.9,52.5,55.1,36.9652,39.8242,40.1853,42.9829
Colombia,2014,48.9,52.1,52.400000000000006,55.50000000000001,36.8022,39.8982,40.3049,43.3975
Colombia,2015,47.3,50.3,50.7,53.5,35.481,38.1676,38.6793,41.3458
Colombia,2016,47.0,50.0,50.5,53.300000000000004,35.4419,38.2005,38.8021,41.5004
Colombia,2017,46.1,48.9,49.7,52.2,34.6681,37.1885,38.0254,40.4373
Colombia,2018,46.5,49.4,50.1,52.7,35.032,37.623,38.3922,40.8595
Colombia,2019,48.0,51.0,51.6,54.300000000000004,36.1124,38.9586,39.6002,42.2754
Colombia,2020,50.3,53.800000000000004,53.900000000000006,56.99999999999999,37.8851,41.0878,41.4421,44.3801
Cote d'Ivoire,2002,56.599999999999994,56.8,58.8,59.0,44.3477,44.492,46.9411,47.0704
Cote d'Ivoire,2008,53.800000000000004,54.1,55.400000000000006,55.7,41.961,42.0821,44.4265,44.3435
Cote d'Ivoire,2015,57.9,57.99999999999999,60.699999999999996,61.0,45.2904,44.9185,48.4191,48.3332
Czechia,1992,20.5,39.7,20.7,41.699999999999996,19.1317,25.0684,19.5253,27.0648
Czechia,1996,25.7,43.4,25.8,45.0,21.6287,27.8161,22.1368,29.3812
Czechia,2002,25.6,46.7,26.6,48.6,21.8331,29.4385,22.572,31.5075
Czechia,2004,26.700000000000003,47.199999999999996,27.400000000000002,49.0,22.1728,29.9356,22.9853,31.9202
Czechia,2007,25.2,44.9,25.5,46.800000000000004,21.1938,28.5131,21.9054,30.3701
Czechia,2010,25.6,44.9,26.6,47.0,21.4487,28.0931,22.2381,30.0865
Czechia,2013,25.900000000000002,46.0,26.6,47.9,21.9633,29.0299,22.5585,30.866
Czechia,2016,25.4,44.4,25.6,46.300000000000004,21.2118,27.4222,22.0099,29.4739
Denmark,1987,25.7,41.0,26.5,43.1,20.4192,24.6993,21.6796,26.8016
Denmark,1992,24.099999999999998,44.1,24.8,46.0,19.4686,26.0205,20.5606,28.3646
Denmark,1995,22.0,42.6,22.8,44.6,18.6613,25.9279,19.6303,28.0208
Denmark,2000,22.6,41.6,23.799999999999997,43.8,18.9926,25.65,20.1419,27.7619
Denmark,2004,23.0,42.199999999999996,24.3,44.3,19.1454,25.8125,20.3332,27.8836
Denmark,2007,24.099999999999998,41.699999999999996,25.4,43.7,20.0116,26.4436,21.1857,28.3616
Denmark,2010,25.1,44.3,25.900000000000002,45.9,20.6127,28.0411,21.6165,29.9044
Denmark,2013,25.1,44.5,25.8,45.9,20.7593,27.8237,21.5836,29.5427
Denmark,2016,25.7,44.7,26.3,46.0,21.1234,28.3157,21.9105,29.9358
Dominican Republic,2007,51.5,52.300000000000004,53.900000000000006,54.7,40.237,40.9207,42.5191,43.1894
Egypt,2012,50.5,54.6,53.1,56.8,40.1954,43.3467,42.5487,45.6082
Estonia,2000,36.4,49.0,36.6,50.3,27.8697,32.6978,28.636,34.2943
Estonia,2004,34.9,50.0,34.4,51.1,26.1734,32.1538,26.5139,33.2608
Estonia,2007,31.3,44.800000000000004,31.2,46.5,23.3573,28.1213,24.0824,29.5842
Estonia,2010,32.0,48.5,32.2,50.2,23.6389,29.6574,24.373,31.5304
Estonia,2013,35.4,50.7,35.0,52.400000000000006,25.6067,31.5137,26.468,33.7427
Estonia,2016,31.4,45.6,31.3,47.599999999999994,22.4352,27.757,23.1649,29.4379
Finland,1987,20.7,32.7,22.2,34.599999999999994,17.8777,22.688,19.2123,24.2887
Finland,1991,20.9,33.0,22.900000000000002,35.199999999999996,18.0122,22.831,19.6356,24.6665
Finland,1995,21.7,38.5,23.5,40.5,19.1357,25.5632,20.5447,27.6055
Finland,2000,25.4,40.699999999999996,26.900000000000002,42.5,21.4675,27.4197,22.4836,28.9838
Finland,2004,26.200000000000003,40.699999999999996,27.800000000000004,42.5,21.7642,27.9464,23.0039,29.5512
Finland,2007,26.700000000000003,38.1,28.199999999999996,39.800000000000004,21.8929,26.6468,23.1571,28.0645
Finland,2010,26.3,37.8,27.800000000000004,39.4,21.5274,25.9146,22.5611,27.3358
Finland,2013,26.1,37.8,27.200000000000003,39.0,21.3936,26.0521,22.2078,27.084
Finland,2016,25.8,38.2,27.200000000000003,39.6,21.7342,26.7999,22.5248,27.6648
France,1970,34.0,47.599999999999994,37.2,50.9,26.5196,33.4035,28.6364,35.8652
France,1975,32.300000000000004,46.5,36.0,50.0,25.6992,32.4389,27.9625,34.9459
France,1979,30.099999999999998,46.300000000000004,34.0,49.6,24.3653,31.8909,26.5133,34.3247
France,1984,29.9,47.5,33.4,50.3,24.0511,32.1829,25.9364,34.4084
France,1990,28.9,46.7,32.2,49.1,23.6054,31.792,25.2479,33.6821
France,1996,28.499999999999996,48.0,32.1,50.1,22.6639,31.0251,24.5086,33.1531
France,1997,28.499999999999996,48.5,32.0,50.5,22.6894,31.21,24.5094,33.4098
France,1998,28.199999999999996,49.4,31.7,51.4,22.6392,31.8818,24.515,34.0161
France,1999,29.099999999999998,49.6,32.5,51.7,23.3961,32.3844,25.2763,34.5335
France,2000,29.4,49.5,32.6,51.5,23.6958,32.5325,25.3963,34.406
France,2001,29.2,49.2,32.5,51.300000000000004,23.6182,32.4878,25.3814,34.5024
France,2002,28.9,48.0,31.8,49.9,23.5904,31.7917,24.9898,33.4386
France,2003,28.799999999999997,48.3,31.7,50.2,23.4525,31.6997,24.9933,33.5768
France,2004,28.9,48.5,31.7,50.4,23.6925,31.9883,25.2166,33.8996
France,2005,29.5,49.0,32.4,50.9,24.0242,32.3556,25.4137,34.169
France,2006,29.7,49.0,32.6,50.9,24.18,32.4947,25.5809,34.3042
France,2007,29.7,49.0,32.6,51.0,24.1123,32.4264,25.5367,34.2686
France,2008,29.9,48.699999999999996,32.5,50.3,24.5,32.4744,25.6628,33.9645
France,2009,30.0,49.8,32.6,51.6,24.1977,32.66,25.4344,34.4933
France,2010,30.7,50.8,33.300000000000004,52.400000000000006,24.9122,33.6503,26.1195,35.2881
France,2011,31.3,51.4,33.900000000000006,53.1,25.4375,34.3532,26.5517,35.9595
France,2012,31.2,51.9,33.800000000000004,53.5,25.2746,34.534,26.4752,36.221
France,2013,29.9,50.6,32.800000000000004,52.400000000000006,24.2342,33.1076,25.6033,35.0073
France,2014,29.799999999999997,51.4,32.6,53.1,24.1939,33.6822,25.4593,35.4021
France,2015,29.9,51.800000000000004,32.7,53.400000000000006,24.3135,33.9123,25.5574,35.5843
France,2016,29.599999999999998,51.9,32.5,53.5,24.0349,33.8686,25.2966,35.5232
France,2017,29.7,52.1,32.5,53.7,24.117,34.1942,25.3225,35.7986
France,2018,30.3,53.1,32.800000000000004,54.7,24.6253,35.2136,25.6883,36.9336
Georgia,2009,46.6,56.3,47.5,57.3,33.8352,38.421,34.8788,40.1646
Georgia,2010,45.300000000000004,54.6,46.0,55.50000000000001,32.9559,37.2142,33.9805,38.8922
Georgia,2011,45.5,54.50000000000001,46.800000000000004,55.900000000000006,34.3279,38.4714,35.7438,40.5532
Georgia,2012,41.099999999999994,49.9,42.199999999999996,51.1,30.1653,33.7513,31.5093,35.7649
Georgia,2013,40.2,48.6,41.5,50.0,29.5017,33.0914,31.1431,35.0782
Georgia,2014,39.1,48.8,41.4,50.7,28.4883,32.4642,30.3424,34.7464
Georgia,2015,39.0,48.6,40.699999999999996,50.4,28.9052,32.7786,31.0457,35.7578
Georgia,2016,39.1,48.3,40.699999999999996,50.1,28.1742,31.5786,30.4178,34.6476
Georgia,2017,40.9,50.7,42.6,52.400000000000006,29.8532,34.5599,31.773,36.6214
Georgia,2018,37.0,46.7,39.2,48.9,26.2278,30.1669,28.476,32.4963
Georgia,2019,37.9,47.8,40.2,50.1,27.1008,31.4372,29.6634,34.3166
Germany,1973,27.1,37.7,29.9,40.5,22.1788,25.5492,23.8576,28.0913
Germany,1978,26.3,41.5,28.499999999999996,43.9,21.9791,27.327,23.3894,29.8108
Germany,1981,24.4,40.400000000000006,28.1,44.6,20.2141,25.1295,22.6011,28.6267
Germany,1983,26.0,41.0,28.4,43.4,21.5989,26.4304,23.0864,29.0322
Germany,1984,25.5,44.3,28.599999999999998,47.8,20.7108,27.5295,22.7341,30.8827
Germany,1985,25.1,43.3,27.900000000000002,46.5,20.2849,26.7546,21.9779,29.7309
Germany,1986,24.6,42.3,27.500000000000004,45.7,20.1086,26.0116,21.9917,29.3909
Germany,1987,25.1,42.9,28.000000000000004,46.2,20.4611,26.7118,22.2652,29.8631
Germany,1988,25.4,43.2,28.4,46.6,20.9183,27.2175,22.6456,30.3056
Germany,1989,25.6,43.2,28.599999999999998,46.6,21.1632,27.6186,22.7879,30.6052
Germany,1990,25.8,42.5,28.799999999999997,45.800000000000004,20.9337,26.7091,22.8213,29.873
Germany,1991,26.8,43.7,29.599999999999998,46.9,21.1301,27.2927,23.19,30.8003
Germany,1992,26.3,43.9,29.099999999999998,47.3,21.1074,27.2353,23.1142,30.7158
Germany,1993,25.6,44.0,28.599999999999998,47.3,20.8598,27.0763,22.8086,30.4428
Germany,1994,26.200000000000003,45.1,29.2,48.3,21.112,27.7405,22.948,31.0319
Germany,1995,25.6,45.5,28.799999999999997,48.8,20.8353,28.0033,22.7205,31.396
Germany,1996,25.1,45.800000000000004,28.1,48.9,20.6224,28.0799,22.3463,31.2631
Germany,1997,25.1,46.2,28.4,49.5,20.6079,28.1749,22.431,31.4756
Germany,1998,25.1,46.1,28.199999999999996,49.2,20.6927,28.2791,22.2674,31.2799
Germany,1999,26.1,46.5,29.099999999999998,49.8,21.321,28.96,23.1565,32.1488
Germany,2000,25.900000000000002,46.9,28.799999999999997,50.0,21.2385,29.2486,22.9033,32.4811
Germany,2001,27.0,48.699999999999996,30.0,51.800000000000004,22.4128,31.3035,23.928,34.4457
Germany,2002,27.0,49.3,29.9,52.300000000000004,22.1126,31.0887,23.6879,34.2796
Germany,2003,26.8,49.8,29.599999999999998,52.800000000000004,21.9988,31.594,23.579,35.035
Germany,2004,27.0,49.9,29.9,52.900000000000006,22.0487,31.2557,23.6771,34.8326
Germany,2005,28.799999999999997,51.6,31.5,54.400000000000006,23.3641,32.6282,25.0207,36.051
Germany,2006,28.599999999999998,51.1,31.0,53.7,23.0643,32.0817,24.6404,35.2215
Germany,2007,28.599999999999998,51.0,31.0,53.6,23.323,32.498,24.7554,35.6066
Germany,2008,28.7,50.5,30.8,53.0,23.3315,32.0512,24.6671,34.9268
Germany,2009,28.4,50.5,30.5,52.800000000000004,22.6841,31.2979,24.069,33.9593
Germany,2010,28.7,50.5,30.4,52.6,22.8285,31.2738,24.057,33.7304
Germany,2011,28.799999999999997,50.8,30.599999999999998,53.0,23.1491,31.8862,24.3809,34.456
Germany,2012,28.999999999999996,51.0,31.0,53.1,23.1812,32.1452,24.4114,34.4612
Germany,2013,29.4,51.7,31.4,53.800000000000004,23.5408,32.7019,24.8449,35.183
Germany,2014,28.9,50.7,30.8,52.800000000000004,22.6234,31.2619,23.9527,33.7281
Germany,2015,29.299999999999997,51.1,31.4,53.300000000000004,23.3946,32.1947,24.7001,34.857
Germany,2016,29.5,51.0,31.5,53.0,23.3585,32.0199,24.5741,34.3705
Germany,2017,29.599999999999998,51.4,31.6,53.6,23.204,32.2744,24.5484,34.8466
Germany,2018,29.799999999999997,51.2,31.7,53.300000000000004,24.0043,32.8376,25.1362,35.0839
Germany,2019,29.599999999999998,50.8,31.3,52.7,23.714,32.6939,24.7273,34.7721
Greece,1995,35.5,46.400000000000006,37.2,48.3,25.8993,30.0594,27.2931,32.2883
Greece,2000,33.5,46.2,34.300000000000004,47.4,24.5593,29.5147,25.7129,31.0388
Greece,2004,32.9,46.2,33.6,47.3,24.8548,30.0062,25.5601,31.1001
Greece,2007,32.2,48.199999999999996,33.300000000000004,49.2,24.5698,32.3286,25.4309,33.5818
Greece,2010,32.7,50.0,33.800000000000004,50.8,24.4772,33.0713,25.2268,34.5328
Greece,2013,33.5,54.1,35.4,55.60000000000001,24.9097,35.2992,25.9513,37.4364
Greece,2016,32.300000000000004,51.6,34.300000000000004,53.2,24.5266,32.6658,25.4431,34.9242
Guatemala,2006,48.9,51.6,52.7,55.300000000000004,37.3697,40.305,40.9895,43.6724
Guatemala,2011,51.800000000000004,53.2,54.50000000000001,55.7,39.7917,40.7923,42.4068,43.3759
Guatemala,2014,41.099999999999994,44.4,44.4,47.699999999999996,32.9844,34.5943,36.059,37.748
Hungary,1991,29.4,47.5,29.599999999999998,48.9,23.1281,30.4319,23.7603,32.0118
Hungary,1994,32.6,53.7,33.2,55.300000000000004,25.6424,34.6768,26.0848,36.5859
Hungary,1999,28.999999999999996,52.300000000000004,30.099999999999998,53.7,23.5848,33.1377,24.471,35.311
Hungary,2005,28.4,52.7,29.9,54.7,23.7667,32.9742,24.4374,35.3106
Hungary,2007,27.0,51.9,28.599999999999998,54.300000000000004,22.9929,32.9568,23.8417,35.4879
Hungary,2009,26.5,54.2,28.7,56.599999999999994,21.6155,32.5665,22.2385,35.2449
Hungary,2012,28.799999999999997,55.00000000000001,31.1,57.3,22.6299,33.5191,23.4832,36.1722
Hungary,2015,26.400000000000002,47.8,27.700000000000003,50.5,21.4717,28.5409,22.2873,31.323
Iceland,2004,25.6,36.7,27.700000000000003,38.6,21.9598,25.1014,23.4399,26.952
Iceland,2007,28.000000000000004,37.6,29.299999999999997,39.2,23.835,26.4794,24.6681,27.7882
Iceland,2010,24.5,39.4,26.200000000000003,40.699999999999996,20.8318,25.8753,22.1153,27.4952
India,2004,48.9,49.8,50.4,51.2,36.8834,37.556,38.7741,39.1846
India,2011,50.1,51.5,51.300000000000004,52.6,38.5346,39.3937,39.7673,40.6813
Ireland,1987,32.9,50.4,35.9,53.2,24.8292,31.838,27.3685,35.0464
Ireland,1994,33.7,50.9,36.7,54.50000000000001,25.6587,31.8711,28.8488,36.034
Ireland,1995,34.300000000000004,50.3,36.8,53.400000000000006,26.4656,32.2628,28.3235,35.1682
Ireland,1996,33.1,49.3,35.3,52.2,25.2401,30.9918,27.1989,33.7854
Ireland,2000,31.4,44.3,33.2,47.8,23.6242,28.2079,26.188,31.7714
Ireland,2002,30.7,46.5,32.300000000000004,49.0,22.9467,28.8013,24.9879,31.691
Ireland,2003,32.4,49.8,33.0,51.6,24.9559,32.2202,25.9794,34.159
Ireland,2004,32.4,50.9,33.7,53.2,25.0124,32.7793,26.671,35.5039
Ireland,2005,32.300000000000004,50.9,33.7,52.900000000000006,25.2934,32.5948,26.7726,35.0887
Ireland,2006,31.6,51.0,32.7,52.6,24.3617,32.1677,25.562,34.4188
Ireland,2007,30.3,51.2,31.900000000000002,53.0,23.8805,32.7825,25.4283,34.979
Ireland,2008,29.5,53.7,30.9,55.00000000000001,22.825,32.9699,24.4185,35.0399
Ireland,2009,31.1,57.699999999999996,32.7,59.0,23.868,36.2869,25.5298,38.0525
Ireland,2010,29.799999999999997,57.699999999999996,32.300000000000004,59.599999999999994,22.6331,35.5914,24.9354,38.3912
Ireland,2011,30.5,56.89999999999999,32.800000000000004,58.599999999999994,23.3714,34.3125,25.4205,36.7421
Ireland,2012,30.8,58.099999999999994,32.9,59.8,23.6987,36.0129,25.6259,38.6892
Ireland,2013,31.0,57.4,33.2,59.0,23.9886,36.0256,25.8298,38.1665
Ireland,2014,29.7,54.900000000000006,31.900000000000002,56.699999999999996,23.0779,33.8348,24.9473,36.4519
Ireland,2015,29.799999999999997,54.400000000000006,31.900000000000002,56.3,23.3954,34.805,25.5368,37.1936
Ireland,2016,30.9,54.2,32.9,56.00000000000001,24.2717,34.953,25.9376,37.2181
Ireland,2017,29.4,53.5,31.3,55.1,23.504,35.4463,25.2442,37.356
Ireland,2018,28.9,51.9,30.3,53.400000000000006,23.2285,33.541,24.7278,35.4083
Ireland,2019,28.7,50.5,30.599999999999998,52.400000000000006,23.0303,31.7967,24.5767,34.2052
Israel,1979,30.4,41.199999999999996,36.3,45.7,22.8425,27.5696,26.8608,31.1162
Israel,1986,31.0,45.300000000000004,36.5,48.8,23.2942,30.7595,26.8578,33.4956
Israel,1992,30.5,44.3,35.5,47.599999999999994,23.124,29.8144,26.87,32.7394
Israel,1997,33.7,47.9,38.1,51.0,24.9217,32.5949,28.1818,35.4586
Israel,2001,35.0,51.5,39.1,53.800000000000004,25.8576,34.6338,28.7706,36.9819
Israel,2002,35.8,51.9,39.900000000000006,54.400000000000006,25.7387,34.7149,28.8452,37.3296
Israel,2003,36.4,50.9,40.9,53.800000000000004,25.9278,34.0634,29.4274,36.8134
Israel,2004,37.2,50.2,41.5,53.1,26.2986,33.2978,29.3811,35.833
Israel,2005,38.3,50.5,42.4,53.300000000000004,27.6761,34.2601,30.4803,36.6599
Israel,2006,37.5,49.7,41.699999999999996,52.6,26.9571,33.59,29.7165,36.1336
Israel,2007,36.9,49.0,41.199999999999996,52.0,26.3851,32.9439,29.5349,35.823
Israel,2008,37.7,49.5,41.699999999999996,52.400000000000006,27.2458,34.031,30.0368,36.3826
Israel,2009,38.5,49.7,42.4,52.400000000000006,27.3833,33.4416,30.1904,35.8295
Israel,2010,38.3,50.0,42.5,53.1,27.6473,34.6446,30.9504,37.6868
Israel,2011,36.9,48.4,41.5,51.800000000000004,26.0135,32.2448,29.4974,35.4613
Israel,2012,37.5,47.5,41.8,50.9,26.5912,32.4064,29.8112,35.3898
Israel,2013,36.4,46.0,40.300000000000004,49.1,25.9552,31.82,28.9649,34.367
Israel,2014,36.1,45.6,40.0,48.5,25.5453,30.9695,28.2816,33.2713
Israel,2015,35.8,45.300000000000004,39.900000000000006,48.5,25.4026,30.9097,28.6206,33.7662
Israel,2016,34.699999999999996,44.5,39.1,48.0,24.4968,30.1656,27.8146,33.1615
Israel,2017,34.300000000000004,44.0,38.3,47.0,24.0639,29.5146,27.021,32.1198
Israel,2018,34.2,44.1,38.7,47.5,24.5572,30.1789,27.6849,32.9262
Italy,1986,30.7,42.1,32.4,44.0,23.4525,27.1118,24.1629,28.9474
Italy,1987,33.4,45.6,34.5,47.3,24.7995,29.1992,25.4541,30.7723
Italy,1989,30.4,42.9,32.6,45.6,23.4494,27.5671,25.13,30.2362
Italy,1991,29.2,41.8,31.5,44.5,22.3794,26.3359,23.8799,29.1539
Italy,1993,34.2,47.599999999999994,35.5,49.3,25.0722,30.1451,26.1656,32.17
Italy,1995,34.0,47.599999999999994,35.3,49.1,25.2196,30.3527,26.1842,32.0555
Italy,1998,34.8,48.1,36.7,50.2,25.9907,31.0322,27.5709,33.643
Italy,2000,33.4,47.4,35.199999999999996,49.6,25.1866,30.3871,26.3442,32.7733
Italy,2004,33.2,49.4,35.6,52.2,25.5694,32.1257,27.0271,34.8196
Italy,2008,32.6,47.699999999999996,34.699999999999996,50.0,24.9001,29.9742,26.0706,32.3732
Italy,2010,32.300000000000004,48.5,34.699999999999996,51.0,24.1793,29.7233,25.4129,32.2224
Italy,2014,33.1,54.400000000000006,35.9,56.39999999999999,24.0708,34.8449,25.6221,37.1592
Italy,2016,33.900000000000006,55.400000000000006,36.3,57.3,24.5661,36.1273,25.4317,37.508
Japan,2008,32.800000000000004,44.2,34.8,46.6,24.483,28.8306,26.0683,31.6261
Japan,2010,30.8,44.1,32.1,46.5,23.6671,29.2604,25.6589,31.9819
Japan,2013,31.6,45.800000000000004,32.9,48.3,24.6573,30.5528,26.4159,33.6807
Lithuania,2009,36.199999999999996,52.5,36.4,53.7,26.7955,34.3575,27.2636,36.0475
Lithuania,2010,32.7,53.0,32.9,54.7,23.912,32.6028,24.5638,34.8107
Lithuania,2011,32.1,50.9,32.1,52.6,23.6022,31.0587,24.4056,33.2663
Lithuania,2012,34.599999999999994,52.7,34.4,53.900000000000006,25.9924,33.1694,26.3519,34.8588
Lithuania,2013,35.0,51.0,34.9,52.6,26.3193,31.9615,26.9143,33.8496
Lithuania,2014,37.8,53.1,37.2,54.300000000000004,28.3668,34.4333,28.7704,35.9259
Lithuania,2015,36.9,51.4,37.0,53.400000000000006,27.3753,32.7553,28.4282,34.8271
Lithuania,2016,37.5,51.4,37.9,53.300000000000004,27.6719,33.3693,29.306,35.6638
Lithuania,2017,37.1,51.0,36.9,52.400000000000006,27.4837,32.9423,28.1923,34.6012
Lithuania,2018,35.9,50.3,35.4,51.4,26.3835,31.9519,27.0457,33.3041
Luxembourg,1985,23.599999999999998,37.7,26.700000000000003,41.199999999999996,19.5361,23.2931,21.5148,26.5136
Luxembourg,1991,23.9,37.3,26.8,40.2,19.9796,24.3836,22.2274,27.3587
Luxembourg,1994,23.5,38.9,26.900000000000002,42.3,19.5256,24.8212,21.8513,27.6838
Luxembourg,1997,26.1,43.1,30.2,47.199999999999996,21.2849,26.531,23.7992,30.7133
Luxembourg,2000,26.200000000000003,42.6,30.4,46.7,21.28,26.8162,23.9086,30.7762
Luxembourg,2004,27.0,45.5,31.1,49.6,21.9794,29.1548,24.4779,33.1841
Luxembourg,2007,27.700000000000003,45.4,31.2,48.8,22.6912,29.543,25.0148,32.8741
Luxembourg,2010,27.1,45.7,30.8,49.0,21.504,29.0073,23.9141,32.6576
Luxembourg,2013,28.299999999999997,47.5,32.7,51.0,22.0757,30.2448,24.4702,33.9026
Luxembourg,2015,28.4,45.0,32.2,48.4,22.6944,29.4395,24.7735,32.8114
Luxembourg,2016,28.499999999999996,46.1,31.4,49.1,22.4619,29.214,24.0233,32.5807
Luxembourg,2017,29.5,48.0,33.4,51.5,22.99,30.2953,24.9169,33.9331
Luxembourg,2018,30.8,47.699999999999996,34.599999999999994,51.1,24.401,30.7423,26.4831,34.4869
Luxembourg,2019,29.599999999999998,48.3,33.800000000000004,51.6,23.1281,30.32,25.6522,33.9054
Mali,2011,45.9,45.9,48.0,48.0,34.3506,34.3506,37.124,37.124
Mali,2013,43.9,43.9,45.6,45.6,35.1939,35.1939,36.8873,36.8873
Mali,2014,35.3,35.099999999999994,37.2,37.2,26.8565,26.7593,28.9444,28.6417
Mali,2015,34.699999999999996,34.8,36.1,36.1,25.8404,25.8433,27.473,27.3997
Mali,2016,35.199999999999996,34.8,36.8,36.1,26.5521,25.7861,28.4106,27.5678
Mali,2017,33.6,33.6,35.8,35.699999999999996,24.5744,24.3619,26.6635,26.4049
Mali,2018,33.900000000000006,34.0,36.0,36.1,25.4785,25.5099,28.2321,28.1233
Mali,2019,36.8,36.5,40.2,39.800000000000004,27.863,27.5428,31.3002,30.8926
Mali,2020,36.5,36.1,39.1,38.7,27.8699,27.4295,29.6282,29.2539
Mexico,1984,43.4,43.5,47.3,47.3,32.6324,32.686,35.9073,35.9432
Mexico,1989,46.9,47.4,50.8,51.300000000000004,36.5624,36.8479,40.2009,40.526
Mexico,1992,49.9,50.7,53.400000000000006,54.2,39.5878,40.0769,42.647,42.8481
Mexico,1994,50.4,51.7,54.300000000000004,55.400000000000006,39.736,40.4964,43.4285,44.171
Mexico,1996,48.699999999999996,49.7,52.5,53.400000000000006,38.1022,38.7502,41.4796,42.0962
Mexico,1998,50.5,51.4,54.2,54.900000000000006,38.8825,39.3467,42.2971,42.7612
Mexico,2000,50.0,50.5,53.400000000000006,53.7,38.5941,38.8022,41.8867,41.9276
Mexico,2002,47.5,49.3,51.0,52.5,36.663,37.3178,40.0418,40.7055
Mexico,2004,47.0,48.8,50.4,52.0,36.1813,37.0681,39.4891,40.4089
Mexico,2005,46.800000000000004,48.5,50.6,52.0,36.2601,37.1415,39.6078,40.4321
Mexico,2006,45.6,46.9,49.5,50.6,35.7817,36.262,39.2662,39.7371
Mexico,2008,47.599999999999994,49.4,50.8,52.400000000000006,36.4394,37.073,39.4666,40.1267
Mexico,2010,45.6,48.0,49.0,51.0,34.7083,35.6668,37.8841,38.7668
Mexico,2012,46.7,49.0,50.4,52.300000000000004,36.0368,36.8914,39.7064,40.3555
Mexico,2014,46.1,48.9,50.1,52.5,36.4147,37.6174,40.1431,41.3036
Mexico,2016,43.4,46.0,47.0,49.3,33.6391,34.8152,36.9989,38.0961
Mexico,2018,42.6,45.0,46.2,48.199999999999996,33.1634,34.209,36.3917,37.377
Netherlands,1983,25.5,45.4,28.4,49.0,20.4959,28.2333,22.6398,31.7254
Netherlands,1987,23.599999999999998,44.4,27.3,48.199999999999996,19.6219,27.6755,22.1237,31.2397
Netherlands,1990,27.1,41.0,31.4,45.1,21.6276,25.782,24.5491,29.5401
Netherlands,1993,26.1,42.4,30.5,46.300000000000004,19.9077,25.9541,22.8585,29.4883
Netherlands,1999,23.200000000000003,37.4,28.1,41.4,19.2855,24.2704,21.833,27.4596
Netherlands,2004,26.700000000000003,46.400000000000006,30.599999999999998,49.7,22.0614,29.1395,24.2853,32.1062
Netherlands,2007,27.6,41.699999999999996,30.0,43.7,23.2796,28.5786,24.255,30.1059
Netherlands,2010,25.7,40.300000000000004,28.299999999999997,42.3,21.2972,26.5502,22.7123,28.5679
Netherlands,2013,26.400000000000002,41.6,28.7,43.2,21.819,27.7068,23.063,29.5586
Netherlands,2015,27.200000000000003,42.3,28.7,43.7,22.2006,28.3399,23.2773,30.0316
Netherlands,2016,27.3,42.199999999999996,28.599999999999998,43.5,22.0365,28.0935,23.0982,29.8489
Netherlands,2017,27.6,42.5,28.9,43.9,22.5158,28.757,23.5344,30.5004
Netherlands,2018,27.1,41.8,28.4,43.2,21.9999,27.9968,23.0923,29.8308
Norway,1979,22.5,36.7,26.900000000000002,41.199999999999996,18.8998,23.4414,21.8252,27.4414
Norway,1986,23.5,35.4,24.6,38.0,19.418,22.6363,20.5343,24.9955
Norway,1991,23.3,37.5,25.2,40.0,19.6349,24.3805,21.1738,26.7798
Norway,1995,24.099999999999998,40.300000000000004,25.900000000000002,42.6,20.1284,25.6675,21.5262,28.0456
Norway,2000,25.6,41.3,27.1,43.3,22.078,27.8552,22.918,29.4547
Norway,2004,26.1,45.2,28.000000000000004,47.099999999999994,22.337,30.7429,23.311,32.5439
Norway,2007,24.6,41.6,26.400000000000002,43.5,20.4163,27.1594,21.6576,29.0832
Norway,2010,24.7,42.8,26.200000000000003,44.4,20.3431,27.9157,21.4484,29.7127
Norway,2013,25.2,42.5,26.8,44.0,20.5768,27.647,21.6997,29.3846
Norway,2016,26.0,44.0,27.500000000000004,45.4,21.1987,28.8534,22.2223,30.4584
Norway,2019,26.0,43.7,27.3,45.0,21.0443,28.4389,21.9529,29.9478
Norway,2020,26.200000000000003,44.800000000000004,27.500000000000004,46.1,21.255,29.2162,22.134,30.6868
Palestine,2017,42.6,44.7,44.9,46.6,30.0713,30.6043,31.7577,32.0561
Panama,2007,48.3,52.0,51.800000000000004,55.00000000000001,35.4701,38.625,38.3347,41.2242
Panama,2010,47.699999999999996,52.0,51.2,55.1,35.6046,38.2449,38.4936,41.1873
Panama,2013,46.800000000000004,51.9,50.4,55.00000000000001,34.9363,38.1099,37.9461,40.9619
Panama,2016,46.1,52.1,49.5,55.00000000000001,33.8331,37.5011,36.3564,39.9944
Paraguay,1997,54.0,54.2,56.49999999999999,56.599999999999994,40.4321,40.3735,42.5055,42.5206
Paraguay,1999,52.900000000000006,53.1,55.900000000000006,56.00000000000001,40.056,39.9143,42.8296,42.9056
Paraguay,2000,53.900000000000006,53.7,57.3,56.89999999999999,41.6042,41.1821,44.8921,44.4683
Paraguay,2002,55.60000000000001,55.50000000000001,57.9,57.8,42.9042,42.9266,45.062,45.0146
Paraguay,2003,53.900000000000006,54.1,56.8,56.89999999999999,42.5606,42.7367,45.1022,45.2567
Paraguay,2004,51.0,51.5,54.50000000000001,54.900000000000006,40.0019,40.2657,43.3349,43.4989
Paraguay,2005,50.3,50.9,53.400000000000006,53.900000000000006,39.2534,39.6401,41.8125,41.5955
Paraguay,2006,50.5,50.9,53.5,53.7,39.1947,39.5392,41.644,41.8586
Paraguay,2007,50.4,50.6,53.5,53.6,39.3203,39.3624,42.0449,42.1536
Paraguay,2008,48.8,49.1,52.300000000000004,52.400000000000006,37.6591,37.9506,40.8413,40.9886
Paraguay,2009,48.699999999999996,49.5,51.0,51.5,36.6487,36.9528,38.5299,38.7265
Paraguay,2010,50.2,50.8,52.800000000000004,53.300000000000004,38.6432,38.7981,41.1742,41.3772
Paraguay,2011,52.1,52.900000000000006,54.400000000000006,55.1,40.3556,40.8605,42.5879,43.0735
Paraguay,2012,47.099999999999994,47.8,49.7,50.4,35.1778,35.3493,37.8302,38.0422
Paraguay,2013,47.9,48.9,50.6,51.5,36.5147,37.1003,38.9536,39.3465
Paraguay,2014,50.4,51.6,52.5,53.6,39.8163,40.6195,41.5877,42.415
Paraguay,2015,48.4,49.4,50.0,51.0,36.8827,37.1067,38.1157,38.321
Paraguay,2016,48.9,50.1,51.0,52.2,37.5653,38.1142,39.3688,39.9943
Paraguay,2017,47.9,49.3,50.0,51.4,37.4306,38.0338,39.2662,40.0429
Paraguay,2018,46.0,47.099999999999994,48.199999999999996,49.3,34.9731,35.2212,36.8188,37.2337
Paraguay,2019,45.7,46.9,47.9,49.1,34.3316,34.6843,36.3088,36.6389
Paraguay,2020,44.3,45.7,46.7,48.1,33.1501,33.6647,35.1328,35.7021
Peru,2004,53.900000000000006,56.39999999999999,56.00000000000001,58.099999999999994,39.216,41.1476,41.5821,43.3178
Peru,2005,52.400000000000006,55.800000000000004,55.00000000000001,58.099999999999994,38.5228,41.0471,41.2594,43.7458
Peru,2006,51.0,54.2,53.400000000000006,56.39999999999999,37.1834,39.2463,39.9409,41.9826
Peru,2007,51.0,53.900000000000006,53.0,55.800000000000004,36.7934,38.815,39.1791,41.2372
Peru,2008,49.2,52.400000000000006,51.2,54.300000000000004,34.7439,36.7794,37.0794,39.214
Peru,2009,48.6,51.7,50.8,53.800000000000004,34.574,36.6292,37.1498,39.1993
Peru,2010,48.0,51.2,49.5,52.5,34.2319,36.2522,35.9301,37.917
Peru,2011,46.9,50.1,48.8,51.9,33.0941,34.9007,35.2425,37.1631
Peru,2012,46.6,49.7,48.1,51.2,32.9385,35.0093,34.8344,36.9933
Peru,2013,45.7,49.2,47.5,50.9,32.2302,34.2188,34.3355,36.4562
Peru,2014,45.0,48.9,46.5,50.4,31.5944,33.9178,33.4506,35.832
Peru,2015,45.1,49.3,46.7,50.8,32.3117,34.7306,34.1258,36.6219
Peru,2016,45.300000000000004,49.6,46.800000000000004,51.1,32.2687,34.7875,34.0223,36.6444
Peru,2017,44.4,48.4,45.9,50.0,31.2169,33.5119,33.1997,35.5716
Peru,2018,44.3,48.5,45.9,50.1,31.0571,33.4116,33.1272,35.4954
Peru,2019,43.6,47.5,45.300000000000004,49.2,30.4899,32.6794,32.8066,35.0431
Poland,1986,27.1,36.5,28.000000000000004,38.3,21.111,23.8769,21.838,25.3493
Poland,1992,26.200000000000003,39.5,29.299999999999997,42.0,21.7142,26.1981,23.2408,28.2448
Poland,1995,32.0,47.9,35.5,49.5,24.9719,32.2547,26.6426,34.4512
Poland,1999,28.7,47.3,32.300000000000004,49.6,23.0718,30.8982,24.7795,33.2143
Poland,2004,31.6,52.0,35.6,54.50000000000001,25.009,34.1871,26.8727,37.0023
Poland,2005,31.4,51.5,35.3,54.1,24.8198,33.6685,26.7264,36.5922
Poland,2006,31.1,50.4,34.8,53.0,24.6086,32.9495,26.3651,35.6627
Poland,2007,31.2,49.5,34.4,52.1,24.985,32.7362,26.5932,35.3457
Poland,2008,31.1,48.199999999999996,33.900000000000006,50.7,24.6317,31.4847,26.0702,34.0312
Poland,2009,31.1,48.3,34.1,50.9,24.5568,31.4171,26.1621,34.0569
Poland,2010,31.1,48.699999999999996,34.4,51.7,24.7138,31.7672,26.5271,34.747
Poland,2011,31.3,48.9,34.5,51.7,24.8267,31.8752,26.4615,34.5766
Poland,2012,31.7,48.9,34.8,51.6,25.0218,31.85,26.568,34.5763
Poland,2013,31.8,49.1,34.9,51.800000000000004,25.0447,32.0967,26.4494,34.5516
Poland,2014,31.3,48.199999999999996,34.2,50.7,24.6533,31.3138,25.9459,33.4853
Poland,2015,30.599999999999998,47.4,33.6,50.0,24.0751,30.4186,25.541,32.8688
Poland,2016,28.9,47.5,31.3,49.9,23.2263,30.2199,24.4172,32.4688
Poland,2017,28.7,47.8,30.4,49.9,23.3729,30.8427,24.2484,32.6094
Poland,2018,29.099999999999998,48.0,30.8,50.2,23.7558,30.8607,24.4798,32.7417
Poland,2019,29.2,48.3,30.8,50.5,23.5185,30.9829,24.2943,32.8866
Poland,2020,29.9,48.699999999999996,31.6,51.2,23.4058,30.907,24.4482,33.1817
Romania,1995,28.000000000000004,37.9,30.599999999999998,39.6,22.6656,26.6403,24.0356,28.4305
Romania,1997,28.000000000000004,37.4,30.3,38.7,22.9313,26.5444,24.2162,27.9512
Russia,2000,42.699999999999996,52.800000000000004,42.699999999999996,53.5,32.1396,37.1161,32.6661,38.3079
Russia,2004,38.5,49.8,37.9,50.2,28.1021,32.7161,28.2471,33.5294
Russia,2007,34.8,45.6,34.2,46.0,24.895,28.9331,25.1718,29.9493
Russia,2010,33.1,45.4,33.300000000000004,45.9,24.7673,29.6898,24.9621,30.6902
Russia,2011,36.4,47.0,37.7,48.8,26.9177,31.1407,28.0325,32.8229
Russia,2013,35.099999999999994,46.1,36.6,48.0,26.8223,31.2003,27.6756,32.2053
Russia,2014,34.0,44.9,36.1,47.4,25.7717,30.2472,27.0667,32.2102
Russia,2015,33.1,43.9,35.5,46.5,24.9524,29.3826,26.3669,31.2215
Russia,2016,33.2,44.5,35.8,47.3,25.1923,29.9651,26.5753,31.8706
Russia,2017,31.8,43.5,34.699999999999996,46.5,24.3042,28.9568,25.9549,31.1845
Russia,2018,32.1,43.5,34.699999999999996,46.300000000000004,24.7063,29.178,26.0889,31.2595
Russia,2019,32.300000000000004,43.9,35.0,46.800000000000004,25.162,29.7318,26.6744,31.7547
Serbia,2006,35.099999999999994,48.3,37.1,49.9,24.6132,29.9951,25.7722,31.8969
Serbia,2010,32.9,52.0,34.5,53.2,23.7642,31.8686,24.0531,33.3696
Serbia,2013,34.8,53.800000000000004,36.7,55.1,25.5295,34.1821,26.5756,35.2627
Serbia,2016,32.800000000000004,50.2,34.4,52.1,23.4874,31.1648,25.0069,33.6025
Slovakia,1992,18.9,40.2,20.200000000000003,42.699999999999996,17.9236,24.8665,18.5639,27.0788
Slovakia,1996,25.0,43.3,26.3,45.5,20.3127,26.4517,21.4176,28.7805
Slovakia,2004,26.900000000000002,45.300000000000004,27.1,47.0,21.7291,28.5053,22.0498,30.1293
Slovakia,2007,24.8,41.4,24.7,43.2,20.2614,25.7454,20.7599,27.4041
Slovakia,2010,26.400000000000002,43.0,27.3,44.9,21.0857,26.735,21.7654,28.2989
Slovakia,2013,27.1,42.9,28.299999999999997,45.1,21.5711,27.2089,22.1084,28.8404
Slovakia,2014,24.6,39.6,26.0,41.699999999999996,19.4248,24.3324,20.2191,26.0661
Slovakia,2015,25.0,40.1,26.6,42.4,19.8749,24.5259,20.9226,26.7987
Slovakia,2016,23.3,39.300000000000004,24.5,41.4,18.8518,24.3006,19.6962,26.0192
Slovakia,2017,21.9,37.8,23.200000000000003,40.0,17.6973,22.6716,18.4178,24.4445
Slovakia,2018,23.599999999999998,38.7,24.9,41.0,18.5348,22.8777,19.5222,24.9257
Slovenia,1997,22.900000000000002,36.7,24.099999999999998,38.0,19.0881,23.1763,20.2235,24.6846
Slovenia,1999,23.200000000000003,37.3,24.0,38.6,19.2984,23.5081,20.2737,25.1522
Slovenia,2004,23.1,39.7,24.099999999999998,41.3,19.15,24.0239,20.1637,25.9241
Slovenia,2007,23.0,39.6,23.799999999999997,41.3,18.7625,23.9062,19.9462,25.9831
Slovenia,2010,25.3,41.6,25.7,43.2,19.6722,24.5869,20.7325,26.6335
Slovenia,2012,27.1,45.0,27.3,46.2,21.0187,27.0654,22.0102,29.1334
Slovenia,2015,26.3,43.6,26.5,44.6,20.553,26.4205,21.3389,27.7898
South Africa,2008,65.8,75.4,69.69999999999999,77.8,51.7466,60.0809,55.9007,63.2075
South Africa,2010,66.7,75.9,73.9,80.60000000000001,54.1918,61.5996,63.0245,68.5486
South Africa,2012,62.2,72.5,66.9,75.5,47.8591,56.3185,52.7038,60.3977
South Africa,2015,62.3,71.7,67.5,75.2,49.0023,56.7952,54.5351,61.0983
South Africa,2017,61.9,70.89999999999999,67.10000000000001,74.4,48.2129,55.5216,53.7896,60.0571
South Korea,2006,29.9,32.300000000000004,31.4,33.6,21.907,22.8605,23.7636,24.661
South Korea,2008,30.8,33.6,32.2,34.9,22.4003,23.6216,24.2923,25.3555
South Korea,2010,30.3,33.2,31.8,34.599999999999994,22.0121,23.1603,23.8445,24.9461
South Korea,2012,30.0,32.9,31.3,34.0,21.894,23.0515,23.4914,24.6241
South Korea,2014,29.5,33.1,31.0,34.5,21.6525,22.9951,23.4311,24.7909
South Korea,2016,29.799999999999997,34.4,31.2,35.8,21.9498,23.6002,23.7874,25.3831
Spain,1980,31.900000000000002,41.9,34.300000000000004,44.7,24.2893,27.6738,26.1422,29.9853
Spain,1985,31.5,43.6,34.4,46.1,24.7637,29.101,26.7482,31.4186
Spain,1990,30.2,42.3,32.0,44.2,23.3498,27.3103,24.7898,29.2986
Spain,1995,35.8,50.6,37.0,52.300000000000004,26.4158,32.2653,27.5986,34.2021
Spain,2000,33.7,47.4,34.300000000000004,49.2,25.2868,30.5306,26.2856,32.5485
Spain,2004,32.1,44.5,33.7,46.800000000000004,23.4105,27.6132,25.0471,29.9858
Spain,2007,30.7,44.4,32.1,46.300000000000004,22.6893,27.9597,24.0637,29.8982
Spain,2010,33.7,49.6,35.099999999999994,51.2,23.8289,30.1475,25.0359,31.9065
Spain,2013,34.5,52.400000000000006,36.4,53.7,24.6767,33.0779,26.0691,34.814
Spain,2016,34.1,51.800000000000004,35.9,53.300000000000004,24.4585,32.8499,25.9268,34.7832
Sweden,1967,,,,,,,,
Sweden,1975,21.6,40.2,24.3,43.7,17.7271,24.9302,19.468,27.4128
Sweden,1981,19.8,41.3,22.900000000000002,44.1,17.0102,24.6047,18.3072,26.8261
Sweden,1987,21.2,43.1,23.1,45.4,17.7505,25.866,18.9271,27.9986
Sweden,1992,22.900000000000002,46.2,25.0,48.699999999999996,18.9364,27.4078,20.0965,29.4788
Sweden,1995,22.1,46.7,25.3,49.0,18.923,28.371,20.0725,30.3457
Sweden,2000,25.3,45.6,27.1,47.599999999999994,21.0148,29.2912,21.8797,30.846
Sweden,2005,23.7,44.4,25.900000000000002,46.7,19.9365,28.1387,21.1845,30.1465
Switzerland,1982,31.6,39.900000000000006,35.3,43.5,26.5853,30.2788,27.6759,32.0801
Switzerland,1992,31.0,38.9,35.0,42.0,24.0073,28.1031,26.1572,30.3288
Switzerland,2000,28.1,35.099999999999994,33.2,39.800000000000004,22.676,25.1834,25.4853,28.6068
Switzerland,2002,27.3,34.599999999999994,31.8,38.7,21.6683,24.4154,24.1071,27.063
Switzerland,2004,26.700000000000003,34.599999999999994,31.900000000000002,39.2,21.1558,23.8749,24.1457,27.1441
Switzerland,2006,30.0,36.4,33.900000000000006,39.800000000000004,23.8888,26.2657,25.8009,28.4704
Switzerland,2007,30.8,37.3,34.300000000000004,40.6,24.7486,27.1625,26.6863,29.4759
Switzerland,2008,30.599999999999998,37.3,34.2,40.699999999999996,24.4365,26.8012,26.6105,29.3142
Switzerland,2009,29.7,36.9,33.1,40.300000000000004,23.8133,26.4488,25.8909,29.0151
Switzerland,2010,29.7,37.4,32.800000000000004,40.5,23.5538,26.7839,25.6279,28.9474
Switzerland,2011,28.9,36.6,32.0,39.7,22.9625,25.949,24.8777,28.2341
Switzerland,2012,28.599999999999998,36.7,31.900000000000002,39.900000000000006,23.2558,26.2523,25.2658,28.6417
Switzerland,2013,29.599999999999998,38.6,32.800000000000004,41.5,24.1472,27.5986,25.791,29.5467
Switzerland,2014,29.9,38.2,33.0,41.199999999999996,24.1758,27.2627,25.9552,29.3592
Switzerland,2015,29.7,38.7,32.800000000000004,41.6,23.944,27.4494,25.6219,29.4042
Switzerland,2016,30.099999999999998,39.2,33.300000000000004,42.1,24.1407,27.8028,25.9516,29.8663
Switzerland,2017,30.099999999999998,38.5,33.2,41.4,24.2678,27.3039,25.96,29.3969
Switzerland,2018,30.099999999999998,39.300000000000004,32.800000000000004,41.6,24.0102,28.0477,25.3028,29.4075
Taiwan,1981,,,,,,,,
Taiwan,1986,,,,,,,,
Taiwan,1991,,,,,,,,
Taiwan,1995,,,,,,,,
Taiwan,1997,,,,,,,,
Taiwan,2000,,,,,,,,
Taiwan,2005,,,,,,,,
Taiwan,2007,,,,,,,,
Taiwan,2010,,,,,,,,
Taiwan,2013,,,,,,,,
Taiwan,2016,,,,,,,,
United Kingdom,1968,24.5,33.2,27.1,36.8,20.3643,23.3375,22.391,26.0234
United Kingdom,1969,25.2,34.4,28.000000000000004,38.1,21.0276,24.3848,23.0175,27.1229
United Kingdom,1970,25.4,34.300000000000004,28.299999999999997,38.1,20.8971,24.1096,23.1133,26.9393
United Kingdom,1971,26.400000000000002,35.699999999999996,29.5,39.6,21.6532,24.7339,23.8744,27.6951
United Kingdom,1972,25.8,34.9,28.799999999999997,38.7,20.6855,23.6012,22.9016,26.46
United Kingdom,1973,26.0,35.6,28.799999999999997,39.4,21.3197,24.4486,23.3502,27.1925
United Kingdom,1974,26.1,36.0,28.999999999999996,39.800000000000004,21.378,24.4217,23.4805,27.3938
United Kingdom,1975,24.9,35.8,27.900000000000002,39.5,20.2976,23.757,22.6064,26.8168
United Kingdom,1976,24.9,37.0,27.6,40.300000000000004,20.4762,23.9704,22.2456,26.7792
United Kingdom,1977,24.5,36.8,27.200000000000003,40.1,20.1621,23.7555,21.962,26.4914
United Kingdom,1978,25.0,37.6,27.3,40.699999999999996,20.219,23.9362,21.9151,26.6194
United Kingdom,1979,25.2,37.5,27.500000000000004,40.8,20.1175,23.6833,21.9943,26.5066
United Kingdom,1980,26.200000000000003,38.7,28.499999999999996,41.699999999999996,21.0517,24.8619,22.8846,27.5806
United Kingdom,1981,26.900000000000002,40.9,29.599999999999998,43.9,21.5498,25.9344,23.5353,28.7858
United Kingdom,1982,27.3,43.1,29.9,46.0,21.8653,26.734,23.6806,29.6701
United Kingdom,1983,27.200000000000003,43.1,29.799999999999997,46.0,21.8238,26.7342,23.6385,29.6711
United Kingdom,1984,27.0,43.2,29.2,45.800000000000004,21.4469,26.3965,23.222,29.2258
United Kingdom,1985,28.499999999999996,44.4,30.5,46.9,22.3688,27.3293,23.8397,29.8456
United Kingdom,1986,29.799999999999997,45.5,31.8,48.0,23.4943,28.5958,25.1819,31.2441
United Kingdom,1987,31.4,46.9,33.6,49.6,24.5331,30.1082,26.4561,32.8325
United Kingdom,1988,32.300000000000004,45.9,34.2,48.4,25.0442,29.5899,26.7748,32.1955
United Kingdom,1989,31.5,44.800000000000004,33.4,47.3,23.9301,28.1067,25.6888,30.8294
United Kingdom,1990,33.300000000000004,46.400000000000006,35.699999999999996,49.3,25.4044,30.0251,27.4417,32.9216
United Kingdom,1991,32.9,46.7,35.0,49.1,24.7892,29.684,26.7128,32.2699
United Kingdom,1992,32.5,47.9,35.0,50.5,24.5592,30.0361,26.6068,32.7902
United Kingdom,1993,32.7,49.0,35.099999999999994,51.4,24.7732,30.8009,26.8287,33.7704
United Kingdom,1994,34.1,50.9,35.9,53.0,26.2475,32.0054,27.7332,34.4556
United Kingdom,1995,33.7,51.1,35.6,53.2,25.9065,32.0891,27.3265,34.3929
United Kingdom,1996,33.4,50.3,35.199999999999996,52.300000000000004,25.6795,31.7261,27.1307,34.078
United Kingdom,1997,33.7,49.5,35.699999999999996,51.7,25.9363,31.702,27.4887,34.024
United Kingdom,1998,34.4,50.5,36.4,52.6,26.5976,32.6255,28.2316,34.9966
United Kingdom,1999,34.8,50.7,36.6,52.800000000000004,27.0335,32.8913,28.5236,35.2088
United Kingdom,2000,36.199999999999996,52.1,37.8,53.900000000000006,28.7336,35.5839,29.9714,37.3288
United Kingdom,2001,35.099999999999994,50.9,36.9,52.900000000000006,27.7363,34.0674,29.1079,36.0706
United Kingdom,2002,33.300000000000004,49.3,35.099999999999994,51.300000000000004,26.2588,32.2887,27.6673,34.3885
United Kingdom,2003,32.800000000000004,49.5,34.699999999999996,51.5,25.7318,32.2186,27.1752,34.3044
United Kingdom,2004,32.7,49.4,34.8,51.5,25.841,32.2898,27.283,34.3978
United Kingdom,2005,33.4,50.1,35.3,52.0,26.3386,32.8792,27.687,34.9038
United Kingdom,2006,33.900000000000006,50.2,35.8,52.1,26.7607,33.371,28.1397,35.4107
United Kingdom,2007,32.7,48.9,34.4,50.6,25.3609,31.3678,26.5459,33.1676
United Kingdom,2008,33.0,49.7,35.0,51.5,25.7974,32.4525,27.113,34.3184
United Kingdom,2009,33.1,50.9,34.8,52.300000000000004,26.1325,33.4344,27.0498,34.8038
United Kingdom,2010,31.900000000000002,50.1,33.7,51.7,25.2201,32.3267,26.3877,34.0694
United Kingdom,2011,31.3,49.1,33.2,50.7,24.5043,31.4059,25.886,33.2802
United Kingdom,2012,31.2,49.9,33.1,51.2,24.676,32.4147,25.6784,33.7176
United Kingdom,2013,30.3,48.4,32.7,50.2,23.6753,30.805,25.2647,32.902
United Kingdom,2014,31.3,48.6,33.1,50.0,24.5103,31.5883,25.5529,32.9847
United Kingdom,2015,31.5,48.9,33.300000000000004,50.3,24.5474,31.7673,25.7186,33.3044
United Kingdom,2016,31.1,48.199999999999996,33.1,49.7,24.2125,31.6701,25.4166,33.2024
United Kingdom,2017,31.0,47.5,32.6,48.8,23.9299,30.605,24.9475,31.939
United Kingdom,2018,31.7,47.9,33.7,49.5,24.6179,31.2928,25.8622,32.9103
United Kingdom,2019,31.1,46.9,32.800000000000004,48.4,23.9159,30.7004,25.1143,32.1723
United Kingdom,2020,30.5,47.4,32.800000000000004,49.0,23.7353,30.6593,25.0148,32.163
United States,1974,31.7,40.699999999999996,35.6,44.6,23.0013,26.8937,26.1275,30.4714
United States,1979,31.7,42.199999999999996,35.4,45.6,23.0161,27.5011,25.8759,30.6762
United States,1980,31.4,42.699999999999996,35.4,46.1,22.7077,27.4916,25.7333,30.8084
United States,1981,32.2,43.4,36.3,46.9,23.1325,27.9497,26.3088,31.4709
United States,1982,33.5,44.7,37.5,48.0,23.9268,28.8752,26.9907,32.1919
United States,1983,34.2,45.1,38.1,48.4,24.2271,29.0468,27.1608,32.3219
United States,1984,34.4,44.6,38.2,47.9,24.4961,28.9648,27.3158,32.1465
United States,1985,34.599999999999994,45.0,38.3,48.1,24.7277,29.4512,27.4681,32.5088
United States,1986,34.699999999999996,45.2,38.3,48.3,24.6624,29.6675,27.3842,32.6303
United States,1987,33.900000000000006,44.9,37.3,47.8,24.1899,29.5649,26.5948,32.3336
United States,1988,34.4,45.1,37.8,48.1,24.6327,29.7869,27.1834,32.6872
United States,1989,34.699999999999996,45.4,38.3,48.5,25.1991,30.4608,27.7921,33.3824
United States,1990,34.5,45.300000000000004,38.3,48.5,25.0387,30.1836,27.6971,33.2165
United States,1991,34.5,45.6,38.1,48.699999999999996,24.8852,30.0286,27.5508,33.0583
United States,1992,35.099999999999994,46.400000000000006,38.4,49.3,25.3133,30.6291,27.7689,33.4522
United States,1993,37.3,48.9,40.400000000000006,51.5,27.552,33.2302,29.7137,35.6476
United States,1994,36.9,48.699999999999996,40.0,51.300000000000004,27.4272,33.2158,29.6169,35.722
United States,1995,36.5,48.199999999999996,39.800000000000004,50.9,27.3772,33.1863,29.6468,35.756
United States,1996,36.8,48.3,40.300000000000004,51.300000000000004,27.5936,33.3667,30.0009,36.0432
United States,1997,37.2,48.6,40.6,51.4,27.9997,33.6977,30.3901,36.3466
United States,1998,36.7,48.0,40.0,50.8,27.361,33.2547,29.7758,35.8417
United States,1999,36.7,48.0,40.0,50.9,27.4688,33.5309,29.9143,36.1844
United States,2000,37.0,48.0,40.1,50.8,27.9781,33.7796,30.2525,36.2433
United States,2001,37.4,48.6,40.6,51.4,28.2801,34.0619,30.6284,36.5967
United States,2002,37.3,48.4,40.400000000000006,51.1,27.8396,33.473,30.1297,35.9971
United States,2003,37.9,48.699999999999996,40.8,51.4,28.1077,33.4313,30.2632,35.9521
United States,2004,37.4,48.8,40.300000000000004,51.5,27.8463,33.6594,30.1413,36.1856
United States,2005,38.4,49.1,41.0,51.7,28.8798,34.2329,30.8149,36.5691
United States,2006,38.9,49.1,41.6,51.7,29.2553,34.2448,31.2314,36.5378
United States,2007,38.1,48.3,41.0,51.2,28.2273,33.2225,30.4944,35.7826
United States,2008,38.0,49.2,40.8,51.800000000000004,28.3311,33.8557,30.3346,36.1929
United States,2009,37.6,50.4,40.699999999999996,53.1,28.1297,34.431,30.4122,37.0357
United States,2010,37.0,50.5,40.0,53.2,27.0515,34.0117,29.3028,36.4995
United States,2011,38.1,51.300000000000004,40.9,53.900000000000006,28.1031,35.172,30.2158,37.6242
United States,2012,38.1,51.2,40.9,53.7,28.0886,34.9732,30.2778,37.4703
United States,2013,37.9,50.8,40.6,53.2,28.0529,34.7959,30.0497,37.0564
United States,2014,38.4,50.8,41.5,53.300000000000004,28.7365,34.7713,30.6898,37.0832
United States,2015,38.1,50.7,41.199999999999996,53.1,28.5407,34.7551,30.5267,37.0625
United States,2016,38.3,50.7,41.099999999999994,53.1,28.5059,35.1121,30.4586,37.3056
United States,2017,38.4,50.6,41.199999999999996,53.1,28.2573,34.8198,30.3005,37.0955
United States,2018,38.9,50.6,41.4,53.1,28.9637,35.3419,30.7892,37.5711
United States,2019,39.1,50.5,41.5,52.800000000000004,29.1839,35.3468,30.8091,37.2996
United States,2020,37.4,52.1,39.7,54.2,27.9488,36.0805,29.5345,37.9545
Uruguay,2004,43.5,52.5,47.199999999999996,54.900000000000006,33.534,38.9916,35.4039,40.7601
Uruguay,2005,42.4,52.1,45.9,54.300000000000004,32.5436,37.917,34.4386,39.4313
Uruguay,2006,43.1,53.6,46.5,55.900000000000006,33.5544,39.1772,35.4935,40.9749
Uruguay,2007,43.0,53.400000000000006,46.800000000000004,56.00000000000001,33.5286,38.8545,35.8226,41.0136
Uruguay,2008,42.8,52.1,45.800000000000004,54.2,33.2221,38.118,34.7139,39.6208
Uruguay,2009,42.1,51.9,45.5,54.400000000000006,32.6547,37.6326,34.7289,39.6537
Uruguay,2010,40.8,50.9,44.5,53.6,31.7119,36.6445,33.9888,38.9113
Uruguay,2011,38.4,48.0,42.199999999999996,51.0,29.6924,33.9013,31.5836,36.3504
Uruguay,2012,35.8,45.5,39.900000000000006,48.6,26.9226,30.7228,29.5492,33.2622
Uruguay,2013,37.4,46.800000000000004,40.8,49.4,28.5565,32.3934,30.6294,34.354
Uruguay,2014,36.7,46.300000000000004,40.300000000000004,49.1,28.1089,31.9462,30.2838,34.1325
Uruguay,2015,36.9,46.800000000000004,40.5,49.5,28.1783,32.2803,29.8538,34.4394
Uruguay,2016,36.5,46.400000000000006,40.2,49.2,28.0171,32.01,30.2615,34.0675
Uruguay,2017,36.6,46.9,39.900000000000006,49.3,28.3566,32.7214,30.219,34.4712
Uruguay,2018,36.7,47.0,40.2,49.5,28.2669,32.578,30.2887,34.453
Uruguay,2019,36.7,47.3,40.2,49.8,28.2375,32.4527,30.2056,34.4925
Vietnam,2005,36.9,37.8,37.7,38.4,29.5344,30.1981,30.2498,30.8436
Vietnam,2007,40.1,41.199999999999996,40.9,41.699999999999996,32.6838,33.3496,33.2782,33.917
Vietnam,2009,39.800000000000004,40.9,41.0,41.9,31.7844,32.5185,32.6381,33.4158
Vietnam,2011,36.4,37.8,37.1,38.3,28.374,29.1024,29.0382,29.8228
Vietnam,2013,35.0,36.199999999999996,35.4,36.5,26.9327,27.4199,27.1568,27.7797
