Entity,Year,income_spell_1,income_spell_2,income_spell_3,income_spell_4,income_spell_5,income_spell_6,income_spell_7
Albania,2016,,,,,0.5694067990367956,,
Albania,2017,,,,,0.550650731094791,,
Albania,2018,,,,,0.5327617736847636,,
Argentina - urban,1980,0.243577954747297,,,,,,
Argentina - urban,1986,0.2319464403321021,,,,,,
Argentina - urban,1987,0.2757338551048539,,,,,,
Argentina - urban,1991,,0.3952456897409123,,,,,
Argentina - urban,1992,,0.3835536578547592,,,,,
Argentina - urban,1993,,0.3776003408174238,,,,,
Argentina - urban,1994,,0.3884787744137136,,,,,
Argentina - urban,1995,,0.4244093543061668,,,,,
Argentina - urban,1996,,0.4334085343649656,,,,,
Argentina - urban,1997,,0.4169730477180774,,,,,
Argentina - urban,1998,,0.4361384407486892,,,,,
Argentina - urban,1999,,0.4443587340623528,,,,,
Argentina - urban,2000,,0.4584139329385616,,,,,
Argentina - urban,2001,,0.4953768812159075,,,,,
Argentina - urban,2002,,0.5962351057565064,,,,,
Argentina - urban,2003,,,0.4829360086923708,,,,
Argentina - urban,2004,,,0.4453603806769226,,,,
Argentina - urban,2005,,,0.412111195360285,,,,
Argentina - urban,2006,,,0.3713406519610703,,,,
Argentina - urban,2007,,,0.3608366498107381,,,,
Argentina - urban,2008,,,0.3452715806080524,,,,
Argentina - urban,2009,,,0.326855306386567,,,,
Argentina - urban,2010,,,0.3168631913082765,,,,
Argentina - urban,2011,,,0.2918197548335436,,,,
Argentina - urban,2012,,,0.2859942815791029,,,,
Argentina - urban,2013,,,0.2821529725774816,,,,
Argentina - urban,2014,,,0.3074423562028603,,,,
Argentina - urban,2016,,,0.2962506683707073,,,,
Argentina - urban,2017,,,0.2752876151079514,,,,
Argentina - urban,2018,,,0.3068882610288307,,,,
Argentina - urban,2019,,,0.3254495458216618,,,,
Argentina - urban,2020,,,0.3646630462818649,,,,
Armenia,1996,0.6886619701316563,,,,,,
Australia,1981,0.0835689839658132,,,,,,
Australia,1985,,0.0820727332061253,,,,,
Australia,1989,,,0.081219489164999,,,,
Australia,1995,,,0.0916854220167858,,,,
Australia,2001,,,0.0708624740036673,,,,
Australia,2003,,,0.0666888720008746,,,,
Australia,2004,,,,0.0488298505420609,,,
Australia,2008,,,0.0309695477063906,,,,
Australia,2010,,,,0.0317010602917827,,,
Australia,2014,,,0.0257190344541533,,,,
Australia,2016,,,0.0273666971968301,,,,
Australia,2018,,,0.0292525316545056,,,,
Austria,1987,0.0178013010998738,,,,,,
Austria,1994,,0.0367826528608859,,,,,
Austria,1995,0.0702409696540658,,,,,,
Austria,1997,,0.0387702398097953,,,,,
Austria,2000,,0.0274756410002758,,,,,
Austria,2003,,,0.0273802816660316,,,,
Austria,2004,,,0.0215051193172566,,,,
Austria,2005,,,0.0233320277182558,,,,
Austria,2006,,,0.0230693403623825,,,,
Austria,2007,,,0.0274396477631854,,,,
Austria,2008,,,0.0273147300519431,,,,
Austria,2009,,,0.0292211575847307,,,,
Austria,2010,,,0.0234208352824728,,,,
Austria,2011,,,0.0276270480786351,,,,
Austria,2012,,,0.0303582273178351,,,,
Austria,2013,,,0.0222014647966124,,,,
Austria,2014,,,0.0233387229805916,,,,
Austria,2015,,,0.027075163931072,,,,
Austria,2016,,,0.028022095677126,,,,
Austria,2017,,,0.0230291756853224,,,,
Austria,2018,,,0.0248401153511107,,,,
Austria,2019,,,0.0244825467152028,,,,
Belarus,1993,0.99997,,,,,,
Belarus,1995,0.471874930291873,,,,,,
Belgium,1985,0.0736944445539886,,,,,,
Belgium,1988,0.0661019316668172,,,,,,
Belgium,1992,0.0542910629872912,,,,,,
Belgium,1995,,0.0423944394981865,,,,,
Belgium,1997,0.0395296142364111,,,,,,
Belgium,2000,,0.0292814603152738,,,,,
Belgium,2003,,,0.0371296589954519,,,,
Belgium,2004,,,0.0294721830698248,,,,
Belgium,2005,,,0.0287031907909148,,,,
Belgium,2006,,,0.0294565510811644,,,,
Belgium,2007,,,0.0280823722053001,,,,
Belgium,2008,,,0.0259600645759107,,,,
Belgium,2009,,,0.0285331962419914,,,,
Belgium,2010,,,0.0280912200508121,,,,
Belgium,2011,,,0.029609550220403,,,,
Belgium,2012,,,0.0264229184665332,,,,
Belgium,2013,,,0.0276614247639908,,,,
Belgium,2014,,,0.0250005072511313,,,,
Belgium,2015,,,0.0237877333084861,,,,
Belgium,2016,,,0.0251650340287239,,,,
Belgium,2017,,,0.0246874255930601,,,,
Belgium,2018,,,0.0199668137888572,,,,
Belgium,2019,,,0.0174760314379732,,,,
Belize,1993,0.5898822414081745,,,,,,
Belize,1994,0.6049340180691635,,,,,,
Belize,1996,,,0.6334282120980289,,,,
Belize,1997,0.6437079224115582,,,,,,
Belize,1998,0.6276118747087422,,,,,,
Belize,1999,0.6104768238753036,,,,,,
Bolivia,1997,,0.6125585731660832,,,,,
Bolivia,1999,,,0.6357087493809936,,,,
Bolivia,2000,,,0.67222902823488,,,,
Bolivia,2001,,,,0.6479568242300566,,,
Bolivia,2002,,,,,0.6581262972422075,,
Bolivia,2004,,,,,0.6089679369712302,,
Bolivia,2005,,,,,0.6036658389062711,,
Bolivia,2006,,,,,0.5780123256096947,,
Bolivia,2007,,,,,0.569519129189511,,
Bolivia,2008,,,,,0.5367816640528229,,
Bolivia,2009,,,,,0.5112036591644904,,
Bolivia,2011,,,,,0.4648514529250989,,
Bolivia,2012,,,,,0.4589883883815946,,
Bolivia,2013,,,,,0.4356581007573332,,
Bolivia,2014,,,,,0.4359972241365586,,
Bolivia,2015,,,,,0.4405139790870673,,
Bolivia,2016,,,,,0.4458213141517773,,
Bolivia,2017,,,,,0.4393212189656669,,
Bolivia,2018,,,,,0.4347154150360166,,
Bolivia,2019,,,,,0.4170539808738644,,
Bolivia,2020,,,,,0.4275140201624534,,
Bolivia - urban,1990,0.6044809961235524,,,,,,
Bolivia - urban,1992,0.6769370622479184,,,,,,
Brazil,1981,0.6491027716401382,,,,,,
Brazil,1982,0.646327915311199,,,,,,
Brazil,1983,0.6867901423937268,,,,,,
Brazil,1984,0.6867326929679234,,,,,,
Brazil,1985,0.6597304490887942,,,,,,
Brazil,1986,0.5309639746507224,,,,,,
Brazil,1987,0.5996821025436284,,,,,,
Brazil,1988,0.6129915118514346,,,,,,
Brazil,1989,0.5884802437914197,,,,,,
Brazil,1990,0.6298511271032124,,,,,,
Brazil,1992,0.6484609801951235,,,,,,
Brazil,1993,0.6297913042786982,,,,,,
Brazil,1995,0.5525000393011794,,,,,,
Brazil,1996,0.5515964286536629,,,,,,
Brazil,1997,0.5542383497007413,,,,,,
Brazil,1998,0.5463414122870119,,,,,,
Brazil,1999,0.5595097859519552,,,,,,
Brazil,2001,0.5245704177095608,,,,,,
Brazil,2002,0.5193694670270919,,,,,,
Brazil,2003,0.5288286904357656,,,,,,
Brazil,2004,0.5210319777837182,,,,,,
Brazil,2005,0.5065477651998906,,,,,,
Brazil,2006,0.481825598636001,,,,,,
Brazil,2007,0.4664051209380063,,,,,,
Brazil,2008,0.4452065364739275,,,,,,
Brazil,2009,0.4335434776409181,,,,,,
Brazil,2011,0.4055571593455824,,,,,,
Brazil,2012,,0.3882503052513113,,,,,
Brazil,2013,,0.3704129940609562,,,,,
Brazil,2014,,0.3594657664394711,,,,,
Brazil,2015,,0.3676861570392663,,,,,
Brazil,2016,,0.3783750674515772,,,,,
Brazil,2017,,0.3778647405092455,,,,,
Brazil,2018,,0.3719057910820233,,,,,
Brazil,2019,,0.3672032739065187,,,,,
Brazil,2020,,0.3346252380393291,,,,,
Bulgaria,1992,,0.2358729785980524,,,,,
Bulgaria,2006,,,,,,0.500339378596198,
Bulgaria,2007,,,,,,0.3778771577544583,
Bulgaria,2008,,,,,,0.328842570046798,
Bulgaria,2009,,,,,,0.313574939861474,
Bulgaria,2010,,,,,,0.3390645365458783,
Bulgaria,2011,,,,,,0.3605085568737575,
Bulgaria,2012,,,,,,0.3511634484183568,
Bulgaria,2013,,,,,,0.3140005409607316,
Bulgaria,2014,,,,,,0.2969972779188645,
Bulgaria,2015,,,,,,,0.3192346396077833
Bulgaria,2016,,,,,,,0.2709185824769655
Bulgaria,2017,,,,,,,0.2706921534076822
Bulgaria,2018,,,,,,,0.2292159488976168
Bulgaria,2019,,,,,,,0.2145328288292323
Canada,1971,0.1531621734820722,,,,,,
Canada,1975,0.0837012861984606,,,,,,
Canada,1981,0.0584601572421933,,,,,,
Canada,1987,0.0493087506490751,,,,,,
Canada,1991,0.0468061350180067,,,,,,
Canada,1994,0.0458675352842943,,,,,,
Canada,1997,0.0494220195568956,,,,,,
Canada,1998,,0.049463766416729,,,,,
Canada,2000,,0.0480012999167475,,,,,
Canada,2004,,0.0423526012524548,,,,,
Canada,2007,,0.0313344078110585,,,,,
Canada,2010,,0.030151739636927,,,,,
Canada,2012,,0.0335840674688447,,,,,
Canada,2013,,0.0351149282957553,,,,,
Canada,2014,,0.0293683428494952,,,,,
Canada,2015,,0.0313645582201559,,,,,
Canada,2016,,0.0266468933842622,,,,,
Canada,2017,,0.0259254035257615,,,,,
Chile,1987,0.5955113331784399,,,,,,
Chile,1990,0.5559321556683997,,,,,,
Chile,1992,0.5241475620207234,,,,,,
Chile,1994,0.4989762981133531,,,,,,
Chile,1996,0.4653111865344451,,,,,,
Chile,1998,0.44892143150247,,,,,,
Chile,2000,0.4748017704697101,,,,,,
Chile,2003,0.4711121306844419,,,,,,
Chile,2006,,0.4087343188438689,,,,,
Chile,2009,,0.3843587664440127,,,,,
Chile,2011,,0.3530017707406059,,,,,
Chile,2013,,0.2886143880263708,,,,,
Chile,2015,,0.262652651902012,,,,,
Chile,2017,,0.2285976251619699,,,,,
Chile,2020,,0.2292410654410265,,,,,
China,1981,0.99997,,,,,,
China,1984,0.99997,,,,,,
China,1987,0.99997,,,,,,
China - rural,1981,0.99997,,,,,,
China - rural,1984,0.99997,,,,,,
China - rural,1987,0.99997,,,,,,
China - urban,1981,0.99997,,,,,,
China - urban,1984,0.99997,,,,,,
China - urban,1987,0.99997,,,,,,
Colombia,1992,,0.5826548758569718,,,,,
Colombia,1996,,0.6337905618949952,,,,,
Colombia,1999,,0.6506268571834551,,,,,
Colombia,2000,,0.6243778081738968,,,,,
Colombia,2001,,,0.6648141683674338,,,,
Colombia,2002,,,0.6016869693972788,,,,
Colombia,2003,,,0.6036063079554443,,,,
Colombia,2004,,,0.5963449640622283,,,,
Colombia,2005,,,0.5753841086903758,,,,
Colombia,2008,,,,0.5458377235651064,,,
Colombia,2009,,,,0.5381107716681838,,,
Colombia,2010,,,,0.5185965619514304,,,
Colombia,2011,,,,0.5009194996026538,,,
Colombia,2012,,,,0.4908031291343365,,,
Colombia,2013,,,,0.4763184341042196,,,
Colombia,2014,,,,0.4619154980255431,,,
Colombia,2015,,,,0.4583912424240914,,,
Colombia,2016,,,,0.4606597363613455,,,
Colombia,2017,,,,0.4579144418357999,,,
Colombia,2018,,,,0.45707356237156,,,
Colombia,2019,,,,0.4616776090198107,,,
Colombia,2020,,,,0.5257923326351318,,,
Colombia - urban,1980,0.6287633497398231,,,,,,
Colombia - urban,1988,,0.5886665282145594,,,,,
Colombia - urban,1989,,0.5949599496370112,,,,,
Colombia - urban,1991,,0.5769482325060014,,,,,
Costa Rica,1981,0.7053167484484003,,,,,,
Costa Rica,1986,0.99997,,,,,,
Costa Rica,1989,,0.5679683344862538,,,,,
Costa Rica,1990,,0.5575058630236807,,,,,
Costa Rica,1991,,0.5886291840840009,,,,,
Costa Rica,1992,,0.5686897029540713,,,,,
Costa Rica,1993,,0.5239425454071966,,,,,
Costa Rica,1994,,0.4921409923732044,,,,,
Costa Rica,1995,,0.5000380570575182,,,,,
Costa Rica,1996,,0.5203399653659346,,,,,
Costa Rica,1997,,0.5003334996940249,,,,,
Costa Rica,1998,,0.4641925287523692,,,,,
Costa Rica,1999,,0.4837356882295605,,,,,
Costa Rica,2000,,0.4845583422258387,,,,,
Costa Rica,2001,,0.4153948783549883,,,,,
Costa Rica,2002,,0.4132181244212976,,,,,
Costa Rica,2003,,0.4011771952905739,,,,,
Costa Rica,2004,,0.4167705661571999,,,,,
Costa Rica,2005,,0.3996009627911677,,,,,
Costa Rica,2006,,0.399505500968409,,,,,
Costa Rica,2007,,0.3658987712676675,,,,,
Costa Rica,2008,,0.3588134160757243,,,,,
Costa Rica,2009,,0.3456435533868487,,,,,
Costa Rica,2010,,,0.3212448160519187,,,,
Costa Rica,2011,,,0.317245084763299,,,,
Costa Rica,2012,,,0.3050522581527348,,,,
Costa Rica,2013,,,0.3032026362091851,,,,
Costa Rica,2014,,,0.3049782918450713,,,,
Costa Rica,2015,,,0.3029521626500632,,,,
Costa Rica,2016,,,0.2935557294856886,,,,
Costa Rica,2017,,,0.2864620683491334,,,,
Costa Rica,2018,,,0.2908596224889777,,,,
Costa Rica,2019,,,0.2941631800228322,,,,
Costa Rica,2020,,,0.3449413453088796,,,,
Croatia,2009,,,,0.2177019238521744,,,
Croatia,2010,,,,0.2422940519563415,,,
Croatia,2011,,,,0.2539176087305985,,,
Croatia,2012,,,,0.273042518601238,,,
Croatia,2013,,,,0.2754123765341386,,,
Croatia,2014,,,,0.2568487385486235,,,
Croatia,2015,,,,0.2364337922916143,,,
Croatia,2016,,,,0.209293905310143,,,
Croatia,2017,,,,0.1899095337965932,,,
Croatia,2018,,,,0.1638900536891189,,,
Croatia,2019,,,,0.142110587102573,,,
Cyprus,2004,0.0406358130563361,,,,,,
Cyprus,2005,0.0305733836515286,,,,,,
Cyprus,2006,0.0222930995386628,,,,,,
Cyprus,2007,0.0229317588081973,,,,,,
Cyprus,2008,0.0243134746431891,,,,,,
Cyprus,2009,0.0284028650484253,,,,,,
Cyprus,2010,0.0254613836574051,,,,,,
Cyprus,2011,0.0286148407164789,,,,,,
Cyprus,2012,0.0392183242306926,,,,,,
Cyprus,2013,0.0518419307532825,,,,,,
Cyprus,2014,0.0629821467239433,,,,,,
Cyprus,2015,0.0540241293609098,,,,,,
Cyprus,2016,0.0435723387951113,,,,,,
Cyprus,2017,0.0382248057628948,,,,,,
Cyprus,2018,0.0305851412717619,,,,,,
Cyprus,2019,0.0288037171790897,,,,,,
Czechia,1992,0.2619224836288188,,,,,,
Czechia,1993,0.2557353175355483,,,,,,
Czechia,1996,0.2012377101694302,,,,,,
Czechia,2002,0.1690487736754324,,,,,,
Czechia,2004,,0.1499412115973784,,,,,
Czechia,2005,,0.1378564219794958,,,,,
Czechia,2006,,0.1212279646199692,,,,,
Czechia,2007,,0.1023529314816862,,,,,
Czechia,2008,,0.0961925015747521,,,,,
Czechia,2009,,0.0934694541152206,,,,,
Czechia,2010,,0.097110718443121,,,,,
Czechia,2011,,0.09646276982854,,,,,
Czechia,2012,,0.0988864218495301,,,,,
Czechia,2013,,0.0984276475550176,,,,,
Czechia,2014,,0.0903115177415154,,,,,
Czechia,2015,,0.0804019783543016,,,,,
Czechia,2016,,0.0695516773080336,,,,,
Czechia,2017,,0.0600909560382012,,,,,
Czechia,2018,,0.0522416699041588,,,,,
Czechia,2019,,0.0462909336441672,,,,,
Denmark,1987,0.0304491314057962,,,,,,
Denmark,1992,0.02867003084109,,,,,,
Denmark,1995,0.0147960216440749,,,,,,
Denmark,2000,0.0124061958497538,,,,,,
Denmark,2003,,0.019690915827679,,,,,
Denmark,2004,,0.0182344945842449,,,,,
Denmark,2005,,0.0185499312800436,,,,,
Denmark,2006,,0.0161616458144818,,,,,
Denmark,2007,,0.0165470323349741,,,,,
Denmark,2008,,0.01705356415706,,,,,
Denmark,2009,,0.0230285248817372,,,,,
Denmark,2010,,0.0159149511557113,,,,,
Denmark,2011,,0.0173203033557771,,,,,
Denmark,2012,,0.018742467267525,,,,,
Denmark,2013,,0.0188079291463208,,,,,
Denmark,2014,,0.0204170595525772,,,,,
Denmark,2015,,0.0153248895523979,,,,,
Denmark,2016,,0.0156217582365885,,,,,
Denmark,2017,,0.0133751359586955,,,,,
Denmark,2018,,0.0129055847302847,,,,,
Denmark,2019,,0.0126532627511341,,,,,
Dominican Republic,1986,0.4649494888340666,,,,,,
Dominican Republic,1989,,0.6354251451811037,,,,,
Dominican Republic,1992,,,0.5586083947323455,,,,
Dominican Republic,1996,,,,0.4999684514190479,,,
Dominican Republic,1997,,,,0.4790269102809284,,,
Dominican Republic,2000,,,,0.472302834246395,,,
Dominican Republic,2001,,,,,0.4770796074042167,,
Dominican Republic,2002,,,,,0.4821811815369015,,
Dominican Republic,2003,,,,,0.5340825955310986,,
Dominican Republic,2004,,,,,0.5799375540642688,,
Dominican Republic,2005,,,,,,0.525386173705255,
Dominican Republic,2006,,,,,,0.4980036611137224,
Dominican Republic,2007,,,,,,0.5084376999427407,
Dominican Republic,2008,,,,,,0.5151093682522748,
Dominican Republic,2009,,,,,,0.4960749873796283,
Dominican Republic,2010,,,,,,0.4900575335994136,
Dominican Republic,2011,,,,,,0.4817000850564583,
Dominican Republic,2012,,,,,,0.4875216077808809,
Dominican Republic,2013,,,,,,0.4798681871235753,
Dominican Republic,2014,,,,,,0.4459034963531214,
Dominican Republic,2015,,,,,,0.4211846814222409,
Dominican Republic,2016,,,,,,0.4019674831760804,
Dominican Republic,2017,,,,,,,0.4009828565221853
Dominican Republic,2018,,,,,,,0.3772552475529829
Dominican Republic,2019,,,,,,,0.3614267743303762
Dominican Republic,2020,,,,,,,0.3950361299448992
Ecuador,1994,,0.6606089319867047,,,,,
Ecuador,1999,,,,0.6779082322549583,,,
Ecuador,2000,,,,,0.7273365379612864,,
Ecuador,2003,,,,,0.6178899075128031,,
Ecuador,2004,,,,,0.6243165163761409,,
Ecuador,2005,,,,,0.5731339104881553,,
Ecuador,2006,,,,,0.54407032288472,,
Ecuador,2007,,,,,,0.5347251652299756,
Ecuador,2008,,,,,,0.5270372034501828,
Ecuador,2009,,,,,,0.5321364863115825,
Ecuador,2010,,,,,,0.5033703896016303,
Ecuador,2011,,,,,,0.4755463453245976,
Ecuador,2012,,,,,,0.4569681182127159,
Ecuador,2013,,,,,,0.4516376591979443,
Ecuador,2014,,,,,,0.4377520646561612,
Ecuador,2015,,,,,,0.4401298332289008,
Ecuador,2016,,,,,,0.4418808191547992,
Ecuador,2017,,,,,,0.4304572591651202,
Ecuador,2018,,,,,,0.4358877110754959,
Ecuador,2019,,,,,,0.4426024975485008,
Ecuador,2020,,,,,,0.4889305472520914,
Ecuador - urban,1987,0.6442169792018756,,,,,,
Ecuador - urban,1995,,,0.6530512711830558,,,,
Ecuador - urban,1998,,,,0.657785440938639,,,
El Salvador,1989,0.6378678953720603,,,,,,
El Salvador,1991,,0.6664901244190525,,,,,
El Salvador,1995,,0.6189972102692796,,,,,
El Salvador,1996,,0.6222421197330509,,,,,
El Salvador,1998,,0.6257341459901363,,,,,
El Salvador,1999,,0.6051555182869683,,,,,
El Salvador,2000,,0.5714160344010011,,,,,
El Salvador,2001,,0.5820222280042897,,,,,
El Salvador,2002,,0.581706450567863,,,,,
El Salvador,2003,,0.5958313241793901,,,,,
El Salvador,2004,,0.5793485363605722,,,,,
El Salvador,2005,,0.5787821388351987,,,,,
El Salvador,2006,,0.5724150037911857,,,,,
El Salvador,2007,,0.5516381705180922,,,,,
El Salvador,2008,,0.565963280611051,,,,,
El Salvador,2009,,0.5747483925750918,,,,,
El Salvador,2010,,0.5655126821837061,,,,,
El Salvador,2011,,0.5705226088621008,,,,,
El Salvador,2012,,0.5593207181384402,,,,,
El Salvador,2013,,0.5355807988680609,,,,,
El Salvador,2014,,0.5336403313284689,,,,,
El Salvador,2015,,0.5221219712434114,,,,,
El Salvador,2016,,0.5148060461830078,,,,,
El Salvador,2017,,0.5056385690672418,,,,,
El Salvador,2018,,0.4823732325077643,,,,,
El Salvador,2019,,0.4545994221896658,,,,,
Estonia,1993,0.4680928145800656,,,,,,
Estonia,2003,,,,0.3707838613903616,,,
Estonia,2004,,,,0.3205235641667684,,,
Estonia,2005,,,,0.2665248168725285,,,
Estonia,2006,,,,0.2141466785436296,,,
Estonia,2007,,,,0.1640709751422488,,,
Estonia,2008,,,,0.1574830219246724,,,
Estonia,2009,,,,0.1732012196531179,,,
Estonia,2010,,,,0.1966890769472485,,,
Estonia,2011,,,,0.1883806033228103,,,
Estonia,2012,,,,0.1735914273500953,,,
Estonia,2013,,,,0.1631844996979296,,,
Estonia,2014,,,,0.1395109740125486,,,
Estonia,2015,,,,0.1133808685747941,,,
Estonia,2016,,,,0.0933264416701077,,,
Estonia,2017,,,,0.0778415026508125,,,
Estonia,2018,,,,0.0676536954633868,,,
Estonia,2019,,,,0.0601866289117914,,,
Finland,1987,0.0463110778646425,,,,,,
Finland,1991,0.0313883918607706,,,,,,
Finland,1995,0.0404092049618655,,,,,,
Finland,2000,0.0346921338895655,,,,,,
Finland,2003,,0.0307311791172884,,,,,
Finland,2004,,0.0256415719478583,,,,,
Finland,2005,,0.0220584017019207,,,,,
Finland,2006,,0.0232972840051821,,,,,
Finland,2007,,0.0211241959110283,,,,,
Finland,2008,,0.020077435884957,,,,,
Finland,2009,,0.0179852866143545,,,,,
Finland,2010,,0.0180756714811935,,,,,
Finland,2011,,0.017136587244592,,,,,
Finland,2012,,0.016071297365629,,,,,
Finland,2013,,0.0171884561295648,,,,,
Finland,2014,,0.0163064466202772,,,,,
Finland,2015,,0.0162922599350599,,,,,
Finland,2016,,0.015167177476393,,,,,
Finland,2017,,0.014660342952384,,,,,
Finland,2018,,0.0142004630191858,,,,,
Finland,2019,,0.0135306263270528,,,,,
France,1978,0.1005975822896513,,,,,,
France,1984,0.1080302969521919,,,,,,
France,1989,0.0846899501519135,,,,,,
France,1994,0.0536151251311487,,,,,,
France,2000,0.0492310515092942,,,,,,
France,2003,,0.0409360174671876,,,,,
France,2004,,0.0359646002728151,,,,,
France,2005,,0.0357723029857819,,,,,
France,2006,,0.0382325942033205,,,,,
France,2007,,0.0239453419115053,,,,,
France,2008,,0.0251210967170555,,,,,
France,2009,,0.0274446118244607,,,,,
France,2010,,0.0274057308172268,,,,,
France,2011,,0.0257097179582758,,,,,
France,2012,,0.0259816898992055,,,,,
France,2013,,0.0247627507957698,,,,,
France,2014,,0.0233904168576655,,,,,
France,2015,,0.0246584533313151,,,,,
France,2016,,0.0231670989808473,,,,,
France,2017,,0.022014040341359,,,,,
France,2018,,0.0218368113746535,,,,,
Germany,1991,,,0.0274832226818462,,,,
Germany,1992,,,0.0260871986113281,,,,
Germany,1993,,,0.0241368918508421,,,,
Germany,1994,,,0.0328908325827059,,,,
Germany,1995,,,0.0305118690893438,,,,
Germany,1996,,,0.0263368568821558,,,,
Germany,1997,,,0.0266895173350061,,,,
Germany,1998,,,0.0238637205087499,,,,
Germany,1999,,,0.0237323016321883,,,,
Germany,2000,,,0.0220887099604564,,,,
Germany,2001,,,0.023668794511481,,,,
Germany,2002,,,0.0230387781480571,,,,
Germany,2003,,,0.0246867898596637,,,,
Germany,2004,,,0.0229380890686922,,,,
Germany,2005,,,0.0254292380507611,,,,
Germany,2006,,,0.0231995666109926,,,,
Germany,2007,,,0.0221764461020416,,,,
Germany,2008,,,0.0222062356749195,,,,
Germany,2009,,,0.0227760912589987,,,,
Germany,2010,,,0.0217935170787788,,,,
Germany,2011,,,0.020944064982445,,,,
Germany,2012,,,0.0239066220494587,,,,
Germany,2013,,,0.0225333889118717,,,,
Germany,2014,,,0.0252069967514144,,,,
Germany,2015,,,0.0237279065447674,,,,
Germany,2016,,,0.0234215303514583,,,,
Germany,2017,,,0.0233043475255714,,,,
Germany,2018,,,0.0207532184440465,,,,
Greece,1995,0.2008530271224987,,,,,,
Greece,2000,0.1538346343751656,,,,,,
Greece,2003,,0.1107051220662315,,,,,
Greece,2004,,0.1034178621085553,,,,,
Greece,2005,,0.1055208679748253,,,,,
Greece,2006,,0.1066910944832845,,,,,
Greece,2007,,0.0946727099180783,,,,,
Greece,2008,,0.088105095376078,,,,,
Greece,2009,,0.0873865439050331,,,,,
Greece,2010,,0.1211162865148867,,,,,
Greece,2011,,0.1736393232691936,,,,,
Greece,2012,,0.2220456283845413,,,,,
Greece,2013,,0.2355250604375353,,,,,
Greece,2014,,0.2349576129183893,,,,,
Greece,2015,,0.2310474845307656,,,,,
Greece,2016,,0.217326244607178,,,,,
Greece,2017,,0.2079599421239991,,,,,
Greece,2018,,0.1887663896116081,,,,,
Greece,2019,,0.1726656583787482,,,,,
Guatemala,1986,0.8131400404004079,,,,,,
Guatemala,1989,0.7408006173490316,,,,,,
Guatemala,1998,,0.603747095442996,,,,,
Guatemala,2000,,,0.5668320795038213,,,,
Guatemala,2006,,,0.5591334643709168,,,,
Guatemala,2014,,,0.6034676306088149,,,,
Guyana,1992,0.99997,,,,,,
Guyana,1998,0.6242781707756223,,,,,,
Haiti,2001,0.8549408625742912,,,,,,
Haiti,2012,,0.8182281204543066,,,,,
Honduras,1989,,0.7817599733056334,,,,,
Honduras,1990,,,0.7945805567078934,,,,
Honduras,1991,,,,0.7630042407847805,,,
Honduras,1992,,,,0.7439205091557675,,,
Honduras,1993,,,,0.7115004960856871,,,
Honduras,1994,,,,0.7103688829705561,,,
Honduras,1995,,,,0.7168198357508603,,,
Honduras,1996,,,,0.7335794763787031,,,
Honduras,1997,,,,0.6848267397109238,,,
Honduras,1998,,,,0.6875571175881479,,,
Honduras,1999,,,,0.6947134426570369,,,
Honduras,2001,,,,,0.6295195752555958,,
Honduras,2002,,,,,0.665670226934497,,
Honduras,2003,,,,,0.6879889012744643,,
Honduras,2004,,,,,0.6803228573149112,,
Honduras,2005,,,,,0.6651301782625869,,
Honduras,2006,,,,,0.6363264673378477,,
Honduras,2007,,,,,0.6111738909662227,,
Honduras,2008,,,,,0.6021581575046454,,
Honduras,2009,,,,,0.5852576524526493,,
Honduras,2010,,,,,0.5958957900147555,,
Honduras,2011,,,,,,0.6036832499622122,
Honduras,2012,,,,,,0.6357042365963153,
Honduras,2013,,,,,,0.6218421586412184,
Honduras,2014,,,,,,0.6173226221892404,
Honduras,2015,,,,,,0.6166207286947515,
Honduras,2016,,,,,,0.602427189277846,
Honduras,2017,,,,,,0.6074561860168448,
Honduras,2018,,,,,,0.6042399489018744,
Honduras,2019,,,,,,0.598975694630304,
Honduras - urban,1986,0.825632927932968,,,,,,
Hungary,1987,0.1523980279358799,,,,,,
Hungary,1989,0.4728563794401802,,,,,,
Hungary,1991,,0.2413216433461212,,,,,
Hungary,1993,0.3095019258437087,,,,,,
Hungary,1994,,0.2996279186882804,,,,,
Hungary,1999,,,0.3201890580890288,,,,
Hungary,2004,,,,,0.2433564596736093,,
Hungary,2005,,,,,0.2355136325468402,,
Hungary,2006,,,,,0.2090161423418632,,
Hungary,2007,,,,,0.2157552847687609,,
Hungary,2008,,,,,0.2058712357459189,,
Hungary,2009,,,,,0.2203872359875478,,
Hungary,2010,,,,,0.2196801666141151,,
Hungary,2011,,,,,0.2139493563884164,,
Hungary,2012,,,,,0.242797479075957,,
Hungary,2013,,,,,0.234922226456047,,
Hungary,2014,,,,,0.214452881454968,,
Hungary,2015,,,,,0.1952456591676864,,
Hungary,2016,,,,,0.1810131472951361,,
Hungary,2017,,,,,0.1666416475511929,,
Hungary,2018,,,,,0.1403779168808906,,
Hungary,2019,,,,,0.1205233739151812,,
Iceland,2003,0.0236580912929111,,,,,,
Iceland,2004,0.0224338271036516,,,,,,
Iceland,2005,0.0207692271519545,,,,,,
Iceland,2006,0.0156989835357118,,,,,,
Iceland,2007,0.0110164859484125,,,,,,
Iceland,2008,0.0107562999968222,,,,,,
Iceland,2009,0.0180790613388273,,,,,,
Iceland,2010,0.0226866573024653,,,,,,
Iceland,2011,0.0257384553393145,,,,,,
Iceland,2012,0.0227573060500639,,,,,,
Iceland,2013,0.0159202998543488,,,,,,
Iceland,2014,0.0166717333296829,,,,,,
Iceland,2015,0.0124708311022973,,,,,,
Iceland,2016,0.0101887554181615,,,,,,
Iceland,2017,0.0071437717427967,,,,,,
Ireland,1987,0.261673877980853,,,,,,
Ireland,1994,,0.1514779336684769,,,,,
Ireland,1995,,0.1448914969609266,,,,,
Ireland,1996,,0.1245200746868,,,,,
Ireland,2000,,0.0642172264526344,,,,,
Ireland,2002,,,0.0523975819050443,,,,
Ireland,2003,,,,0.0475496200252073,,,
Ireland,2004,,,,0.0445666221194826,,,
Ireland,2005,,,,0.0366815471993206,,,
Ireland,2006,,,,0.030398231900039,,,
Ireland,2007,,,,0.0264998674260615,,,
Ireland,2008,,,,0.0344027827397818,,,
Ireland,2009,,,,0.0443824271358944,,,
Ireland,2010,,,,0.0502332016838692,,,
Ireland,2011,,,,0.0547712337171454,,,
Ireland,2012,,,,0.0523865143211228,,,
Ireland,2013,,,,0.0560039563626025,,,
Ireland,2014,,,,0.041596446156504,,,
Ireland,2015,,,,0.0369185860099185,,,
Ireland,2016,,,,0.0317428862799285,,,
Ireland,2017,,,,0.0213680074174692,,,
Ireland,2018,,,,0.015202976534205,,,
Israel,1979,0.2621759052394368,,,,,,
Israel,1986,0.2656457215324755,,,,,,
Israel,1992,0.2041256853219689,,,,,,
Israel,1997,0.2096310851009855,,,,,,
Israel,2001,0.1791329741760233,,,,,,
Israel,2002,0.2148828404535707,,,,,,
Israel,2003,0.2144414204201052,,,,,,
Israel,2004,0.2114530951138667,,,,,,
Israel,2005,0.2029738535834566,,,,,,
Israel,2006,0.1944145548142313,,,,,,
Israel,2007,0.1796428004492438,,,,,,
Israel,2008,0.1771841277001562,,,,,,
Israel,2009,0.1847468110892296,,,,,,
Israel,2010,0.1753003955949487,,,,,,
Israel,2011,0.1724464755791486,,,,,,
Israel,2012,0.1606387116621823,,,,,,
Israel,2013,0.1416738588919413,,,,,,
Israel,2014,0.1387668251369299,,,,,,
Israel,2015,0.1307510723027451,,,,,,
Israel,2016,0.1254955468100711,,,,,,
Israel,2017,0.1154530539556488,,,,,,
Israel,2018,0.1082202096213983,,,,,,
Italy,1986,0.1378717362406828,,,,,,
Italy,1987,0.1317413643265028,,,,,,
Italy,1989,0.0886215117856013,,,,,,
Italy,1991,0.0856513428421287,,,,,,
Italy,1993,0.1252094292762125,,,,,,
Italy,1995,0.1276064590905387,,,,,,
Italy,1998,0.1185051438552076,,,,,,
Italy,2000,0.1070989681364671,,,,,,
Italy,2003,,0.0681240469099239,,,,,
Italy,2004,,0.061016010349865,,,,,
Italy,2005,,0.0641644455630786,,,,,
Italy,2006,,0.0592281394991735,,,,,
Italy,2007,,0.0564189390372878,,,,,
Italy,2008,,0.0614995731247526,,,,,
Italy,2009,,0.0625108802770648,,,,,
Italy,2010,,0.0709488053676936,,,,,
Italy,2011,,0.0729642129917718,,,,,
Italy,2012,,0.0806349355655394,,,,,
Italy,2013,,0.0833024604740333,,,,,
Italy,2014,,0.0839200461574965,,,,,
Italy,2015,,0.0878940532074502,,,,,
Italy,2016,,0.0807676993368198,,,,,
Italy,2017,,0.0804052265255903,,,,,
Italy,2018,,0.077369122773802,,,,,
Japan,2008,0.077379792403743,,,,,,
Japan,2010,0.0293859305322271,,,,,,
Japan,2013,0.0403022389349229,,,,,,
Kazakhstan,1993,0.99997,,,,,,
Kyrgyzstan,1998,0.7480709567474604,,,,,,
Latvia,1993,0.99997,,,,,,
Latvia,1995,0.5058176814036092,,,,,,
Latvia,1996,0.5200661689163776,,,,,,
Latvia,2004,,,0.4187824558304023,,,,
Latvia,2005,,,0.3816747239794947,,,,
Latvia,2006,,,0.3009012266597832,,,,
Latvia,2007,,,0.2245993879488038,,,,
Latvia,2008,,,0.23139084641087,,,,
Latvia,2009,,,0.2877600692380583,,,,
Latvia,2010,,,0.301895679307524,,,,
Latvia,2011,,,0.2993535328907818,,,,
Latvia,2012,,,0.2866198324316628,,,,
Latvia,2013,,,0.2537198754825164,,,,
Latvia,2014,,,0.2208641123104537,,,,
Latvia,2015,,,0.1923453248365828,,,,
Latvia,2016,,,0.1798438329851715,,,,
Latvia,2017,,,0.1642098840316435,,,,
Latvia,2018,,,0.1375823728694909,,,,
Latvia,2019,,,0.1234024681451817,,,,
Lithuania,1993,0.7059656191036798,,,,,,
Lithuania,2004,,,,0.4270732423044107,,,
Lithuania,2005,,,,0.3666828784914758,,,
Lithuania,2006,,,,0.2815534700000383,,,
Lithuania,2007,,,,0.224250263874972,,,
Lithuania,2008,,,,0.207878319673957,,,
Lithuania,2009,,,,0.2797138460806479,,,
Lithuania,2010,,,,0.2945463911014487,,,
Lithuania,2011,,,,0.2570833551563381,,,
Lithuania,2012,,,,0.2467592545878904,,,
Lithuania,2013,,,,0.2341724937792947,,,
Lithuania,2014,,,,0.2198695573146027,,,
Lithuania,2015,,,,0.1900136461902099,,,
Lithuania,2016,,,,0.1765542845505788,,,
Lithuania,2017,,,,0.1541343199081416,,,
Lithuania,2018,,,,0.1277613405318987,,,
Lithuania,2019,,,,0.0998682438260658,,,
Luxembourg,1985,0.0444400804744138,,,,,,
Luxembourg,1991,0.0085855090264464,,,,,,
Luxembourg,1994,0.0074442192886777,,,,,,
Luxembourg,1997,0.0127177372198556,,,,,,
Luxembourg,2000,0.0072758443273181,,,,,,
Luxembourg,2003,,0.0098667522146451,,,,,
Luxembourg,2004,,0.0074899625249502,,,,,
Luxembourg,2005,,0.0077372615242621,,,,,
Luxembourg,2006,,0.0063487298893785,,,,,
Luxembourg,2007,,0.0057649317572535,,,,,
Luxembourg,2008,,0.0080356305467911,,,,,
Luxembourg,2009,,0.0070876376439777,,,,,
Luxembourg,2010,,0.0076307783850184,,,,,
Luxembourg,2011,,0.0086338008531423,,,,,
Luxembourg,2012,,0.0108988301361911,,,,,
Luxembourg,2013,,0.0103647047806331,,,,,
Luxembourg,2014,,0.0095073885854964,,,,,
Luxembourg,2015,,0.017544187111789,,,,,
Luxembourg,2016,,0.0134005899737441,,,,,
Luxembourg,2017,,0.0209804861775004,,,,,
Luxembourg,2018,,0.018753048327735,,,,,
Luxembourg,2019,,0.0109559107868375,,,,,
Malaysia,1984,0.4902686471290906,,,,,,
Malaysia,1987,0.4949790388979597,,,,,,
Malaysia,1989,0.4964054142167978,,,,,,
Malaysia,1992,0.4693497057386349,,,,,,
Malaysia,1995,0.4616338021953088,,,,,,
Malaysia,1997,0.3952094946336907,,,,,,
Malaysia,2003,,0.4026677204578575,,,,,
Malaysia,2006,,0.3643741323766645,,,,,
Malaysia,2008,,0.3549965661581917,,,,,
Malaysia,2011,,0.2799932585269908,,,,,
Malaysia,2013,,0.2202988626365868,,,,,
Malaysia,2015,,0.1889745479611236,,,,,
Malta,2006,0.0773628450667119,,,,,,
Malta,2007,0.0685011570103051,,,,,,
Malta,2008,0.0604751849981639,,,,,,
Malta,2009,0.0691004632744611,,,,,,
Malta,2010,0.0620962479349369,,,,,,
Malta,2011,0.058218526036355,,,,,,
Malta,2012,0.0540559213383133,,,,,,
Malta,2013,0.0436148660621706,,,,,,
Malta,2014,0.0376899563011216,,,,,,
Malta,2015,0.0380334906152801,,,,,,
Malta,2016,0.0309113917560941,,,,,,
Malta,2017,0.0317662847743437,,,,,,
Malta,2018,0.0283379430977224,,,,,,
Malta,2019,0.0277884746101294,,,,,,
Mexico,1984,0.5954282885776928,,,,,,
Mexico,1989,0.5953454631718669,,,,,,
Mexico,1992,0.55514140064158,,,,,,
Mexico,1994,0.5485693750009527,,,,,,
Mexico,1996,0.6537098894980098,,,,,,
Mexico,1998,0.605629695397923,,,,,,
Mexico,2000,0.5599065507179207,,,,,,
Mexico,2002,0.5475022295149216,,,,,,
Mexico,2004,0.5266465577553033,,,,,,
Mexico,2005,0.5217791147357285,,,,,,
Mexico,2006,0.5010196875253798,,,,,,
Mexico,2008,0.4991791633494825,,,,,,
Mexico,2010,0.5079879238361178,,,,,,
Mexico,2012,0.4929005196125854,,,,,,
Mexico,2014,0.5102498932095516,,,,,,
Mexico,2016,,0.4803794780925317,,,,,
Mexico,2018,,0.4681786052892389,,,,,
Mexico,2020,,0.475762458456592,,,,,
Micronesia (country) - urban,2000,0.7600946957617793,,,,,,
Montenegro,2012,,0.4147933415616687,,,,,
Montenegro,2013,,0.4070756533570172,,,,,
Montenegro,2014,,0.3934317431489244,,,,,
Montenegro,2015,,0.3911185128721167,,,,,
Montenegro,2016,,0.3582460458225992,,,,,
Montenegro,2017,,0.3537053053985542,,,,,
Montenegro,2018,,0.3629404266193781,,,,,
Namibia,1993,0.7665809004339068,,,,,,
Nepal,1984,0.99997,,,,,,
Netherlands,1983,0.0818172856110475,,,,,,
Netherlands,1987,0.0530239498812265,,,,,,
Netherlands,1990,0.0452688821756312,,,,,,
Netherlands,1993,,0.0626418849514455,,,,,
Netherlands,1999,,0.0259707146714065,,,,,
Netherlands,2004,,,0.0330876400159805,,,,
Netherlands,2005,,,0.0277083051898641,,,,
Netherlands,2006,,,0.0226469156851288,,,,
Netherlands,2007,,,0.0193392956069213,,,,
Netherlands,2008,,,0.0213394053025879,,,,
Netherlands,2009,,,0.0187052362763274,,,,
Netherlands,2010,,,0.0189067825934688,,,,
Netherlands,2011,,,0.0193731989619848,,,,
Netherlands,2012,,,0.019546115547988,,,,
Netherlands,2013,,,0.0230625260951342,,,,
Netherlands,2014,,,0.0226700083925705,,,,
Netherlands,2015,,,0.0192474830548925,,,,
Netherlands,2016,,,0.0182284737667552,,,,
Netherlands,2017,,,0.0185009110603207,,,,
Netherlands,2018,,,0.0169424160086168,,,,
Netherlands,2019,,,0.0176433154450862,,,,
Nicaragua,1993,0.7572111551444264,,,,,,
Nicaragua,1998,0.7143676303648971,,,,,,
Nicaragua,2001,0.6734976660356295,,,,,,
Nicaragua,2005,,0.6254278162159884,,,,,
Nicaragua,2009,,0.6107354906290349,,,,,
Nicaragua,2014,,0.5277129602724866,,,,,
North Macedonia,2009,,,0.549878301159228,,,,
North Macedonia,2010,,,0.5356146503376754,,,,
North Macedonia,2011,,,0.5226325270340958,,,,
North Macedonia,2012,,,0.517802629244393,,,,
North Macedonia,2013,,,0.5124092337536156,,,,
North Macedonia,2014,,,0.4871937300323203,,,,
North Macedonia,2015,,,0.4729170795351131,,,,
North Macedonia,2016,,,0.4478237436798478,,,,
North Macedonia,2017,,,0.4318840295104125,,,,
North Macedonia,2018,,,0.4168107332751063,,,,
Norway,1979,0.1013760604863417,,,,,,
Norway,1986,0.0361700678157324,,,,,,
Norway,1991,0.0314828487247091,,,,,,
Norway,1995,0.0332901439777429,,,,,,
Norway,2000,0.0176088613627662,,,,,,
Norway,2003,,0.015871377369437,,,,,
Norway,2004,,0.0186252545679595,,,,,
Norway,2005,,0.016767469269134,,,,,
Norway,2006,,0.0188956418203001,,,,,
Norway,2007,,0.0132953755833033,,,,,
Norway,2008,,0.013133083049975,,,,,
Norway,2009,,0.0113649296387377,,,,,
Norway,2010,,0.0110091261271069,,,,,
Norway,2011,,0.0083891043619355,,,,,
Norway,2012,,0.0090421869131692,,,,,
Norway,2013,,0.0092232495710455,,,,,
Norway,2014,,0.0097176265803079,,,,,
Norway,2015,,0.0097655070787096,,,,,
Norway,2016,,0.0135236094440112,,,,,
Norway,2017,,0.0128051806510437,,,,,
Norway,2018,,0.0113532123333153,,,,,
Norway,2019,,0.0108287206496814,,,,,
Panama,1979,0.5283107925652603,,,,,,
Panama,1989,,0.6046411560777125,,,,,
Panama,1991,,,0.5860184813794534,,,,
Panama,1995,,,,0.5230575243615563,,,
Panama,1997,,,,0.5175668309350636,,,
Panama,1998,,,,0.5245594746791864,,,
Panama,1999,,,,0.5056098975440485,,,
Panama,2000,,,,0.4909794143412871,,,
Panama,2001,,,,,0.5249811831985963,,
Panama,2002,,,,,0.4993689106480213,,
Panama,2003,,,,,0.4917140711429127,,
Panama,2004,,,,,0.4814034812770178,,
Panama,2005,,,,,0.4781916563684373,,
Panama,2006,,,,,0.4796910390870037,,
Panama,2007,,,,,0.4543740938720064,,
Panama,2008,,,,,,0.3992483634758828,
Panama,2009,,,,,,0.3929744773495755,
Panama,2010,,,,,,0.3838106956476267,
Panama,2011,,,,,,0.3512561344643669,
Panama,2012,,,,,,0.3509282192702759,
Panama,2013,,,,,,0.3389452910422362,
Panama,2014,,,,,,0.3295297648101759,
Panama,2015,,,,,,0.3063117242564065,
Panama,2016,,,,,,0.2921329761468569,
Panama,2017,,,,,,0.2874152520483403,
Panama,2018,,,,,,0.2680075197964682,
Panama,2019,,,,,,0.2627299133318775,
Paraguay,1990,0.3965450101630603,,,,,,
Paraguay,1995,0.5175293420873187,,,,,,
Paraguay,1997,,0.473983243095001,,,,,
Paraguay,1999,,,0.5009042965553369,,,,
Paraguay,2001,,,,0.4973608064511036,,,
Paraguay,2002,,,,,0.5738009826058915,,
Paraguay,2003,,,,,,0.5261497313581434,
Paraguay,2004,,,,,,0.518492657561913,
Paraguay,2005,,,,,,0.4966894231715626,
Paraguay,2006,,,,,,0.5273831936053767,
Paraguay,2007,,,,,,0.5070002101325081,
Paraguay,2008,,,,,,0.4812041574482275,
Paraguay,2009,,,,,,0.4788570435873494,
Paraguay,2010,,,,,,0.4641885731441027,
Paraguay,2011,,,,,,0.4417923560784965,
Paraguay,2012,,,,,,0.4140397322498334,
Paraguay,2013,,,,,,0.3810330561655889,
Paraguay,2014,,,,,,0.3781706366158887,
Paraguay,2015,,,,,,0.3760162550317469,
Paraguay,2016,,,,,,0.3877993691428516,
Paraguay,2017,,,,,,0.374792387229292,
Paraguay,2018,,,,,,0.3616046184501679,
Paraguay,2019,,,,,,0.3556119690189471,
Paraguay,2020,,,,,,0.3831114932823024,
Peru,1997,,0.6186647234831861,,,,,
Peru,1998,,0.6173860880745978,,,,,
Peru,1999,,0.6231033451206008,,,,,
Peru,2000,,,0.6289547692238013,,,,
Peru,2001,,,0.6358101149401215,,,,
Peru,2002,,,0.609918797828775,,,,
Peru,2003,,,0.6003198750609965,,,,
Peru,2004,,,,0.6074540475290309,,,
Peru,2005,,,,0.6217527853886113,,,
Peru,2006,,,,0.5879270455527207,,,
Peru,2007,,,,0.5528686835738362,,,
Peru,2008,,,,0.5293732514580998,,,
Peru,2009,,,,0.5147189044466866,,,
Peru,2010,,,,0.4939425813021157,,,
Peru,2011,,,,0.4787557840691545,,,
Peru,2012,,,,0.460059348000004,,,
Peru,2013,,,,0.4538346729490264,,,
Peru,2014,,,,0.4478908768379296,,,
Peru,2015,,,,0.4472245978802235,,,
Peru,2016,,,,0.4369399028654298,,,
Peru,2017,,,,0.4392495177585971,,,
Peru,2018,,,,0.4258859284277171,,,
Peru,2019,,,,0.4168576030822071,,,
Peru,2020,,,,0.5068368188758748,,,
Philippines,2000,,,0.6728377233541137,,,,
Philippines,2003,,,,0.669569493328449,,,
Philippines,2006,,,,0.6697789148022669,,,
Philippines,2009,,,,0.6559391416375167,,,
Philippines,2012,,,,0.6493552712102074,,,
Philippines,2015,,,,0.6217062318186689,,,
Philippines,2018,,,,0.5872005874938995,,,
Poland,1985,0.3542856601937399,,,,,,
Poland,1986,0.3538822306682433,,,,,,
Poland,1987,0.3463869773974499,,,,,,
Poland,1989,0.2079609461062902,,,,,,
Poland,1992,0.3224220920122777,,,,,,
Poland,1995,0.421522673068719,,,,,,
Poland,1999,0.3454322851261848,,,,,,
Poland,2004,,,,0.3415948886902849,,,
Poland,2005,,,,0.3094009902527381,,,
Poland,2006,,,,0.2791492077650204,,,
Poland,2007,,,,0.2345514049923363,,,
Poland,2008,,,,0.2059971935717516,,,
Poland,2009,,,,0.2004166421008522,,,
Poland,2010,,,,0.1929952210244382,,,
Poland,2011,,,,0.1909642639336289,,,
Poland,2012,,,,0.1918651841228046,,,
Poland,2013,,,,0.1852349304384263,,,
Poland,2014,,,,0.1750568493827196,,,
Poland,2015,,,,0.1549793800601329,,,
Poland,2016,,,,0.1304367880298519,,,
Poland,2017,,,,0.1155800205099127,,,
Poland,2018,,,,0.1004955858992321,,,
Portugal,2003,0.1772521177486019,,,,,,
Portugal,2004,0.1673312688348469,,,,,,
Portugal,2005,0.1646967756131386,,,,,,
Portugal,2006,0.1590216974518983,,,,,,
Portugal,2007,0.1482031389386925,,,,,,
Portugal,2008,0.1492174391115129,,,,,,
Portugal,2009,0.1345440058074778,,,,,,
Portugal,2010,0.1439681288690351,,,,,,
Portugal,2011,0.1585339620972618,,,,,,
Portugal,2012,0.1763093819004786,,,,,,
Portugal,2013,0.1792082495314321,,,,,,
Portugal,2014,0.1691776129045032,,,,,,
Portugal,2015,0.1548745386974054,,,,,,
Portugal,2016,0.1443615028987388,,,,,,
Portugal,2017,0.1337965675172791,,,,,,
Portugal,2018,0.1181574025135122,,,,,,
Portugal,2019,0.0989875098851439,,,,,,
Romania,1989,0.2784816473698727,,,,,,
Romania,1992,0.99997,,,,,,
Romania,1994,0.99997,,,,,,
Romania,1995,0.5497645936344002,,,,,,
Romania,1997,0.5775867570519171,,,,,,
Romania,2006,,,,0.5486350757637213,,,
Romania,2007,,,,0.5126699454791397,,,
Romania,2008,,,,0.466877423191198,,,
Romania,2009,,,,0.4552644984417892,,,
Romania,2010,,,,0.4694103749500071,,,
Romania,2011,,,,0.4925924042571503,,,
Romania,2012,,,,0.4931450257012999,,,
Romania,2013,,,,0.4914265183748891,,,
Romania,2014,,,,0.4743207360197062,,,
Romania,2015,,,,0.4476754294805373,,,
Romania,2016,,,,0.3937699886534165,,,
Romania,2017,,,,0.3220756245538503,,,
Romania,2018,,,,0.281610687588414,,,
Romania,2019,,,,0.2500114103222695,,,
Russia,2014,,,0.1318723238525191,,,,
Russia,2015,,,0.1497700452831241,,,,
Russia,2016,,,0.158875308405727,,,,
Russia,2017,,,0.1580185343692655,,,,
Russia,2018,,,0.1502865136307939,,,,
Saint Lucia,1995,0.7954796126802741,,,,,,
Saint Lucia,2016,,0.3716826631715184,,,,,
Serbia,2012,,,0.4354627591703334,,,,
Serbia,2013,,,0.4631619039587413,,,,
Serbia,2014,,,0.4643469397259949,,,,
Serbia,2015,,,0.4571186632369325,,,,
Serbia,2016,,,0.4401337727027085,,,,
Serbia,2017,,,0.4265699864161263,,,,
Serbia,2018,,,0.3755374085665628,,,,
Serbia,2019,,,0.3296059552954289,,,,
Seychelles,2013,,,0.2867996767187964,,,,
Seychelles,2018,,,0.2250051378334924,,,,
Slovakia,1992,0.2819752180438998,,,,,,
Slovakia,1996,0.295571729612889,,,,,,
Slovakia,2004,,,0.2829975111059045,,,,
Slovakia,2005,,,0.2420230358559219,,,,
Slovakia,2006,,,0.1948946351905822,,,,
Slovakia,2007,,,0.176132750930925,,,,
Slovakia,2008,,,0.1702513496863736,,,,
Slovakia,2009,,,0.1568921154093648,,,,
Slovakia,2010,,,0.1504867454542592,,,,
Slovakia,2011,,,0.1365668671421736,,,,
Slovakia,2012,,,0.1602848345794907,,,,
Slovakia,2013,,,0.1620274967547607,,,,
Slovakia,2014,,,0.1606729653534023,,,,
Slovakia,2015,,,0.1552193348162557,,,,
Slovakia,2016,,,0.1462498780931506,,,,
Slovakia,2017,,,0.1268234221389003,,,,
Slovakia,2018,,,0.1210262357281465,,,,
Slovakia,2019,,,0.104178840520398,,,,
Slovenia,1987,0.0388524058570513,,,,,,
Slovenia,1993,0.1962794388461413,,,,,,
Slovenia,1997,,0.1268880829161443,,,,,
Slovenia,1999,,0.1247297644880168,,,,,
Slovenia,2004,,,,0.0732129407018686,,,
Slovenia,2005,,,,0.0654473769432549,,,
Slovenia,2006,,,,0.0577198632561111,,,
Slovenia,2007,,,,0.0493482416736856,,,
Slovenia,2008,,,,0.0420217537618807,,,
Slovenia,2009,,,,0.0457513977223039,,,
Slovenia,2010,,,,0.0468238513090248,,,
Slovenia,2011,,,,0.0474561904993451,,,
Slovenia,2012,,,,0.0578140642142209,,,
Slovenia,2013,,,,0.062048563075313,,,
Slovenia,2014,,,,0.0546131967973738,,,
Slovenia,2015,,,,0.0526974721798082,,,
Slovenia,2016,,,,0.0456122657958264,,,
Slovenia,2017,,,,0.0394864064147208,,,
Slovenia,2018,,,,0.031674132032111,,,
Slovenia,2019,,,,0.0287052779235411,,,
South Korea,2006,0.0812652036560316,,,,,,
South Korea,2008,0.0779424782890813,,,,,,
South Korea,2010,0.075081619845496,,,,,,
South Korea,2012,0.0661852095586035,,,,,,
South Korea,2014,0.0568490420534332,,,,,,
South Korea,2016,0.0510033586010811,,,,,,
Spain,1980,0.2841273572656297,,,,,,
Spain,1985,0.2907183584884066,,,,,,
Spain,1990,0.1882354396954921,,,,,,
Spain,1995,,0.1587076850682717,,,,,
Spain,2000,,0.0926541546369151,,,,,
Spain,2003,,,0.0981337467039337,,,,
Spain,2004,,,0.1032552681848943,,,,
Spain,2005,,,0.094703727050007,,,,
Spain,2006,,,0.0994981280698878,,,,
Spain,2007,,,0.0714623982389406,,,,
Spain,2008,,,0.0710996758292591,,,,
Spain,2009,,,0.0765083514110576,,,,
Spain,2010,,,0.0855222442600287,,,,
Spain,2011,,,0.0979976671349793,,,,
Spain,2012,,,0.1038651991689048,,,,
Spain,2013,,,0.116529007466512,,,,
Spain,2014,,,0.1141586820202092,,,,
Spain,2015,,,0.1088619263504558,,,,
Spain,2016,,,0.1021515039339261,,,,
Spain,2017,,,0.0912430066613451,,,,
Spain,2018,,,0.0909342596109808,,,,
Spain,2019,,,0.0839743935627215,,,,
Suriname - urban,1999,0.6141025105276698,,,,,,
Sweden,1967,0.2805011801876541,,,,,,
Sweden,1975,,0.0892352693900424,,,,,
Sweden,1981,,0.0750475115523426,,,,,
Sweden,1987,,0.0584824295501901,,,,,
Sweden,1992,,0.0413465589187526,,,,,
Sweden,1995,,0.0531100926832388,,,,,
Sweden,2000,,0.0354667175906698,,,,,
Sweden,2003,,,0.0374046776693714,,,,
Sweden,2004,,,0.0350682335004832,,,,
Sweden,2005,,,0.0432050778631948,,,,
Sweden,2006,,,0.0309451684486404,,,,
Sweden,2007,,,0.0293599313223571,,,,
Sweden,2008,,,0.0310347487809427,,,,
Sweden,2009,,,0.0296242356686214,,,,
Sweden,2010,,,0.0299932712404179,,,,
Sweden,2011,,,0.0309641305812894,,,,
Sweden,2012,,,0.029337127100816,,,,
Sweden,2013,,,0.0316821265179413,,,,
Sweden,2014,,,0.0263076294425664,,,,
Sweden,2015,,,0.027040565871203,,,,
Sweden,2016,,,0.0254498887636507,,,,
Sweden,2017,,,0.0232691445243938,,,,
Sweden,2018,,,0.0307301966390705,,,,
Sweden,2019,,,0.0238434449600717,,,,
Switzerland,1982,0.018243050701833,,,,,,
Switzerland,1992,,0.0241583638669615,,,,,
Switzerland,2000,,,0.0178066353032187,,,,
Switzerland,2002,,,0.0116657436255465,,,,
Switzerland,2006,,,,0.0181681222789268,,,
Switzerland,2007,,,,0.0170947957837908,,,
Switzerland,2008,,,,0.015036972283254,,,
Switzerland,2009,,,,0.0135044874411897,,,
Switzerland,2010,,,,0.0141365500804758,,,
Switzerland,2011,,,,0.0113736010516878,,,
Switzerland,2012,,,,0.0082162981109017,,,
Switzerland,2013,,,,0.0087956491526411,,,
Switzerland,2014,,,,0.0095866944630831,,,
Switzerland,2015,,,,0.0101615655943067,,,
Switzerland,2016,,,,0.0114793334729286,,,
Switzerland,2017,,,,0.0114312651238598,,,
Switzerland,2018,,,,0.0138765564633065,,,
Taiwan,1981,0.2991747445344472,,,,,,
Taiwan,1986,0.1907233754353255,,,,,,
Taiwan,1991,0.0589453271111377,,,,,,
Taiwan,1995,0.0475109509814568,,,,,,
Taiwan,1997,0.0341650484240068,,,,,,
Taiwan,2000,0.0282590994530588,,,,,,
Taiwan,2005,0.0314561578128974,,,,,,
Taiwan,2007,0.0380078018571263,,,,,,
Taiwan,2010,0.0554111364398051,,,,,,
Taiwan,2013,0.0479033989504985,,,,,,
Taiwan,2016,0.0347559094572151,,,,,,
Trinidad and Tobago,1988,0.4025592019635233,,,,,,
Trinidad and Tobago,1992,,0.511150343260129,,,,,
Ukraine,1999,,,,0.729780831343134,,,
United Arab Emirates,2013,0.0182839595846726,,,,,,
United Kingdom,1969,0.3194242651056846,,,,,,
United Kingdom,1974,0.179659732567723,,,,,,
United Kingdom,1979,0.1544627047302345,,,,,,
United Kingdom,1986,0.1496320602122528,,,,,,
United Kingdom,1991,0.1232085155324773,,,,,,
United Kingdom,1994,,0.0964124317360927,,,,,
United Kingdom,1995,0.0942038269015229,,,,,,
United Kingdom,1996,0.08548444479247,,,,,,
United Kingdom,1997,0.0808870391095344,,,,,,
United Kingdom,1998,0.0746817015979483,,,,,,
United Kingdom,1999,,0.0713723722104865,,,,,
United Kingdom,2000,,0.0597120399841944,,,,,
United Kingdom,2001,,0.0533464193448325,,,,,
United Kingdom,2002,,0.0517909644918688,,,,,
United Kingdom,2003,,0.0488694235215225,,,,,
United Kingdom,2004,,,0.0615354789583623,,,,
United Kingdom,2005,,,0.0589375301127277,,,,
United Kingdom,2006,,,0.0480650409773575,,,,
United Kingdom,2007,,,0.0446187016116459,,,,
United Kingdom,2008,,,0.0501057711003807,,,,
United Kingdom,2009,,,0.0498951707552386,,,,
United Kingdom,2010,,,0.0487524123183874,,,,
United Kingdom,2011,,,0.0497417430044708,,,,
United Kingdom,2012,,,0.0479955568824522,,,,
United Kingdom,2013,,,0.0475900455397821,,,,
United Kingdom,2014,,,0.0465413173995379,,,,
United Kingdom,2015,,,0.0451556431118512,,,,
United Kingdom,2016,,,0.0403072131112455,,,,
United Kingdom,2017,,,0.0456469327302674,,,,
United States,1974,0.0674198976573099,,,,,,
United States,1979,0.0529844583050092,,,,,,
United States,1986,0.0607771384801315,,,,,,
United States,1991,0.0595554297947859,,,,,,
United States,1992,0.0614273876382018,,,,,,
United States,1993,0.0640641302447997,,,,,,
United States,1994,0.0592794942168467,,,,,,
United States,1995,0.0555927851577791,,,,,,
United States,1996,0.0546781211436121,,,,,,
United States,1997,0.0529440463154764,,,,,,
United States,1998,0.0504313244127177,,,,,,
United States,1999,0.0471128043048287,,,,,,
United States,2000,0.0458403785732785,,,,,,
United States,2001,0.0482325681092185,,,,,,
United States,2002,,0.0491483658214155,,,,,
United States,2003,,0.0505322879029577,,,,,
United States,2004,,0.0493405932275044,,,,,
United States,2005,,0.0484727551831076,,,,,
United States,2006,,0.0482512670736049,,,,,
United States,2007,,0.0484438034759988,,,,,
United States,2008,,0.0510498040177429,,,,,
United States,2009,,0.0460782950566453,,,,,
United States,2010,,0.0500838169681191,,,,,
United States,2011,,0.0502826613150046,,,,,
United States,2012,,0.0500645044879793,,,,,
United States,2013,,0.0487801285726763,,,,,
United States,2014,,0.0508989737725244,,,,,
United States,2015,,0.0465867767765598,,,,,
United States,2016,,0.0437507046017144,,,,,
United States,2017,,0.0442278737209431,,,,,
United States,2018,,0.0401111979458044,,,,,
United States,2019,,0.0358354742458048,,,,,
Uruguay,2006,,,,0.3637953792598859,,,
Uruguay,2007,,,,0.3388463940617079,,,
Uruguay,2008,,,,0.3000301290885315,,,
Uruguay,2009,,,,0.2814060789121784,,,
Uruguay,2010,,,,0.2730473904838472,,,
Uruguay,2011,,,,0.2349721554646131,,,
Uruguay,2012,,,,0.2216157147876036,,,
Uruguay,2013,,,,0.2123824033548603,,,
Uruguay,2014,,,,0.1950647278516308,,,
Uruguay,2015,,,,0.1913417102429252,,,
Uruguay,2016,,,,0.1928514169196159,,,
Uruguay,2017,,,,0.1802584786723804,,,
Uruguay,2018,,,,0.1867317076115116,,,
Uruguay,2019,,,,0.1914304251405544,,,
Uruguay,2020,,,,,0.2168788575686277,,
Uruguay - urban,1981,0.321566247577757,,,,,,
Uruguay - urban,1989,,0.2939599302221444,,,,,
Uruguay - urban,1992,,,0.2704296031122042,,,,
Uruguay - urban,1995,,,0.2624730752109271,,,,
Uruguay - urban,1996,,,0.2711305567011721,,,,
Uruguay - urban,1997,,,0.2735285558838028,,,,
Uruguay - urban,1998,,,0.2598909094366604,,,,
Uruguay - urban,2000,,,0.274763429920823,,,,
Uruguay - urban,2001,,,0.2879928628347827,,,,
Uruguay - urban,2002,,,0.3270140617391122,,,,
Uruguay - urban,2003,,,0.383415786198958,,,,
Uruguay - urban,2004,,,0.3835060671729152,,,,
Uruguay - urban,2005,,,0.3669823487157092,,,,
Venezuela,1981,0.4697597565749312,,,,,,
Venezuela,1987,0.4905093601682124,,,,,,
Venezuela,1989,,0.4662194730107069,,,,,
Venezuela,1992,,0.487213379413523,,,,,
Venezuela,1995,,0.5776418933804195,,,,,
Venezuela,1998,,0.563360001927798,,,,,
Venezuela,1999,,0.593000469202402,,,,,
Venezuela,2001,,,0.5753691139105706,,,,
Venezuela,2002,,,0.6341350187990298,,,,
Venezuela,2003,,,0.6732564749260226,,,,
Venezuela,2004,,,0.6425055060901459,,,,
Venezuela,2005,,,0.5887707079749098,,,,
Venezuela,2006,,,0.5093719433353091,,,,
