Entity,Year,consumption_spell_1,consumption_spell_2,consumption_spell_3,consumption_spell_4,consumption_spell_5,consumption_spell_6
Albania,1996,0.0016976386002076,,,,,
Albania,2002,,0.0032506352866232,,,,
Albania,2005,,0.0015296080676344,,,,
Albania,2008,,0.0005940981344543,,,,
Albania,2012,,0.0021162346744502,,,,
Albania,2014,,,0.0023888527532743,,,
Albania,2015,,,0.0001774781344753,,,
Albania,2016,,,0.0003231660614163,,,
Albania,2017,,,0.0006894477939024,,,
Albania,2018,,,,0.0001002987818448,,
Albania,2019,,,,0.0,,
Algeria,1988,0.0103511567061879,,,,,
Algeria,1995,,0.013959067250897,,,,
Algeria,2011,,,0.0012849728149986,,,
Angola,2000,0.2810875289127708,,,,,
Angola,2008,,0.1635290227224032,,,,
Angola,2018,,,0.3671444001232359,,,
Armenia,1999,,0.0367047089628365,,,,
Armenia,2001,,0.0394852317867501,,,,
Armenia,2002,,0.0273605659116313,,,,
Armenia,2003,,0.0144508733867398,,,,
Armenia,2004,,0.0163242996900745,,,,
Armenia,2005,,0.007756232646142,,,,
Armenia,2006,,0.0040483960244078,,,,
Armenia,2007,,0.0036825355480227,,,,
Armenia,2008,,0.0024486029309812,,,,
Armenia,2009,,0.002410676439725,,,,
Armenia,2010,,0.001939773086412,,,,
Armenia,2011,,0.0022949720986517,,,,
Armenia,2012,,0.0020273019714997,,,,
Armenia,2013,,0.0044397191049285,,,,
Armenia,2014,,0.002771005177565,,,,
Armenia,2015,,0.0028061031672354,,,,
Armenia,2016,,0.0019655248410597,,,,
Armenia,2017,,0.0016521775834032,,,,
Armenia,2018,,0.0027415686748393,,,,
Armenia,2019,,,0.0015296414009102,,,
Armenia,2020,,,0.0007082615220895,,,
Azerbaijan,1995,0.0304722818341698,,,,,
Azerbaijan,2001,,0.0051967183398756,,,,
Azerbaijan,2002,,1.4526843751151512e-05,,,,
Azerbaijan,2003,,0.0,,,,
Azerbaijan,2004,,0.0,,,,
Azerbaijan,2005,,0.0,,,,
Bangladesh,1983,0.1282279196612279,,,,,
Bangladesh,1985,0.0878128977270433,,,,,
Bangladesh,1988,0.1411989776334531,,,,,
Bangladesh,1991,,0.139650830835761,,,,
Bangladesh,1995,,0.0987443913160432,,,,
Bangladesh,2000,,,0.0953434820805343,,,
Bangladesh,2005,,,0.058557662660552,,,
Bangladesh,2010,,,0.0411204665133545,,,
Bangladesh,2016,,,0.0312582424897644,,,
Belarus,1998,,0.0361791742520829,,,,
Belarus,1999,,0.0354375102175294,,,,
Belarus,2000,,0.0233702926539027,,,,
Belarus,2001,,0.0090776624928252,,,,
Belarus,2002,,0.0061016914172215,,,,
Belarus,2003,,0.0046519765017867,,,,
Belarus,2004,,0.0008862942347228,,,,
Belarus,2005,,0.000855194176312,,,,
Belarus,2006,,0.0005722217846888,,,,
Belarus,2007,,4.493209830373066e-05,,,,
Belarus,2008,,0.0,,,,
Belarus,2009,,9.647391877841092e-05,,,,
Belarus,2010,,0.0,,,,
Belarus,2011,,0.0,,,,
Belarus,2012,,0.0,,,,
Belarus,2013,,0.0,,,,
Belarus,2014,,0.0,,,,
Belarus,2015,,0.0,,,,
Belarus,2016,,0.0,,,,
Belarus,2017,,0.0,,,,
Belarus,2018,,0.0,,,,
Belarus,2019,,0.0,,,,
Belarus,2020,,0.0,,,,
Belize,1995,,0.0742288068153637,,,,
Benin,2003,0.2405817247607512,,,,,
Benin,2011,,0.2659357902277833,,,,
Benin,2015,,0.4068024309603468,,,,
Benin,2018,,,0.0560498038504111,,,
Bhutan,2003,0.039568401798968,,,,,
Bhutan,2007,,0.0195211965641351,,,,
Bhutan,2012,,0.0050068096442987,,,,
Bhutan,2017,,0.0029491143334157,,,,
Bosnia and Herzegovina,2001,0.0017902633594427,,,,,
Bosnia and Herzegovina,2004,0.0008009547377658,,,,,
Bosnia and Herzegovina,2007,,0.0002593866766279,,,,
Bosnia and Herzegovina,2011,,0.000252715048441,,,,
Botswana,1985,0.2571554274909273,,,,,
Botswana,1993,0.1795226585422447,,,,,
Botswana,2002,,0.1589120728043555,,,,
Botswana,2009,,0.0750394243444464,,,,
Botswana,2015,,0.051180057055523,,,,
Bulgaria,1989,0.0,,,,,
Bulgaria,1994,0.0,,,,,
Bulgaria,1995,,,,0.0039031645531843,,
Bulgaria,1997,,,0.0014391337557145,,,
Bulgaria,2001,,,,0.0059917982883609,,
Bulgaria,2003,,,,,0.0020514810367622,
Bulgaria,2007,,,,,0.0018083048865552,
Burkina Faso,1994,0.833537042540452,,,,,
Burkina Faso,1998,,0.7102445076056928,,,,
Burkina Faso,2003,,0.3518115858626632,,,,
Burkina Faso,2009,,,0.2818551088487597,,,
Burkina Faso,2014,,,,0.1402062132837326,,
Burkina Faso,2018,,,,,0.124554433725603,
Burundi,1992,0.5776966432777588,,,,,
Burundi,1998,,0.7989575708986315,,,,
Burundi,2006,,0.4812231844626038,,,,
Burundi,2013,,0.4626859683485972,,,,
Cameroon,1996,0.2319561548412235,,,,,
Cameroon,2001,,0.0921396226071675,,,,
Cameroon,2007,,0.1219468424982687,,,,
Cameroon,2014,,0.1165592194072669,,,,
Cape Verde,2001,0.0635748156748599,,,,,
Cape Verde,2007,,0.0245737826190899,,,,
Cape Verde,2015,,,0.0088093856296655,,,
Central African Republic,1992,1.3422432395178172,,,,,
Central African Republic,2008,,0.5579449197617481,,,,
Chad,2003,0.3634893628507662,,,,,
Chad,2011,0.22868260003853,,,,,
Chad,2018,,0.1216543955488541,,,,
China,1990,,0.3416932856742794,,,,
China,1993,,0.2821906293291309,,,,
China,1996,,0.1745745518396176,,,,
China,1999,,0.1799760242337264,,,,
China,2002,,0.1376974423863279,,,,
China,2005,,0.0614339833461112,,,,
China,2008,,0.0498551966755965,,,,
China,2010,,0.0327223499636474,,,,
China,2011,,0.0218300266717249,,,,
China,2012,,0.0166958469740005,,,,
China,2013,,,0.0042679854673433,,,
China,2014,,,0.0033023794869431,,,
China,2015,,,0.0017349259903638,,,
China,2016,,,0.0012789651767813,,,
China,2017,,,0.0010224629267662,,,
China,2018,,,0.0007371102486799,,,
China,2019,,,0.0002306598943188,,,
China - rural,1990,,0.4300114218052517,,,,
China - rural,1993,,0.3744993168001359,,,,
China - rural,1996,,0.2407538099393632,,,,
China - rural,1999,,0.2607765011637977,,,,
China - rural,2002,,0.2159976214554979,,,,
China - rural,2005,,0.1011899068667106,,,,
China - rural,2008,,0.0895768321422268,,,,
China - rural,2010,,0.0623556954842955,,,,
China - rural,2011,,0.0424365798308578,,,,
China - rural,2012,,0.0333198342487318,,,,
China - rural,2013,,,0.0074682592681532,,,
China - rural,2014,,,0.0056241093384162,,,
China - rural,2015,,,0.0027411999573235,,,
China - rural,2016,,,0.0023351121482954,,,
China - rural,2017,,,0.0019137007404948,,,
China - rural,2018,,,0.0015477853076949,,,
China - rural,2019,,,0.0004032586116448,,,
China - urban,1990,,0.0960044025075325,,,,
China - urban,1993,,0.0573200310741445,,,,
China - urban,1996,,0.0333993228490462,,,,
China - urban,1999,,0.0290240936381358,,,,
China - urban,2002,,0.0122235705272741,,,,
China - urban,2005,,0.0076949547259717,,,,
China - urban,2008,,0.0042255450590814,,,,
China - urban,2010,,0.0021571306320864,,,,
China - urban,2011,,0.001640410373545,,,,
China - urban,2012,,0.0012054958678298,,,,
China - urban,2013,,,0.00143148752972,,,
China - urban,2014,,,0.0013451328502378,,,
China - urban,2015,,,0.0009280937105493,,,
China - urban,2016,,,0.0004736009877437,,,
China - urban,2017,,,0.0003760233531094,,,
China - urban,2018,,,0.0001772905497656,,,
China - urban,2019,,,0.0001170632192512,,,
Comoros,2004,0.0581743432204703,,,,,
Comoros,2014,,0.0967917959673305,,,,
Congo,2005,0.3416497274769384,,,,,
Congo,2011,0.243227744731789,,,,,
Cote d'Ivoire,1985,0.0360194675311276,,,,,
Cote d'Ivoire,1986,0.0088404143141572,,,,,
Cote d'Ivoire,1987,0.02294719671497,,,,,
Cote d'Ivoire,1988,0.0357085951384274,,,,,
Cote d'Ivoire,1992,,0.1007162259617881,,,,
Cote d'Ivoire,1995,,0.0673445156863987,,,,
Cote d'Ivoire,1998,,0.1100772810208899,,,,
Cote d'Ivoire,2002,,,0.1066869339802685,,,
Cote d'Ivoire,2008,,,0.1622536724922892,,,
Cote d'Ivoire,2015,,,0.1401296354179916,,,
Cote d'Ivoire,2018,,,,0.022473423178576,,
Croatia,1998,,0.0,,,,
Croatia,1999,,,0.0,,,
Croatia,2000,,,0.0,,,
Croatia,2001,,,6.107837623900675e-05,,,
Croatia,2004,,0.0,,,,
Croatia,2008,,0.0,,,,
Croatia,2009,,1.6651641887780782e-05,,,,
Croatia,2010,,0.0,,,,
Democratic Republic of Congo,2004,1.2611846455844813,,,,,
Democratic Republic of Congo,2012,0.6481076195022553,,,,,
Djibouti,2002,0.0806240482738853,,,,,
Djibouti,2012,,0.1355088957543484,,,,
Djibouti,2013,,,0.1143671196954687,,,
Djibouti,2017,,,,0.0815672859555773,,
Egypt,1990,0.0149780566095575,,,,,
Egypt,1995,0.0089260232049945,,,,,
Egypt,1999,,0.0046655894866025,,,,
Egypt,2004,,,0.0089205146829864,,,
Egypt,2008,,,0.0084588355426745,,,
Egypt,2010,,,,0.0030479423140551,,
Egypt,2012,,,,0.0023613509842084,,
Egypt,2015,,,,0.0023513602885443,,
Egypt,2017,,,,0.0075895567530662,,
Estonia,1995,,0.0013124479112114,,,,
Estonia,1998,,0.000248527203566,,,,
Estonia,2000,,,0.002890440872955,,,
Estonia,2001,,,0.0033208300066073,,,
Estonia,2002,,,0.0033786845905572,,,
Estonia,2003,,,0.0021872452159559,,,
Estonia,2004,,,0.0014233691545032,,,
Eswatini,1994,1.0318467773481634,,,,,
Eswatini,2000,,0.2540684707738624,,,,
Eswatini,2009,,0.2550545629073842,,,,
Eswatini,2016,,0.136015271794121,,,,
Ethiopia,1995,,0.4026051828376274,,,,
Ethiopia,1999,,0.2283323446999566,,,,
Ethiopia,2004,,0.1136658971770547,,,,
Ethiopia,2010,,0.129805556120212,,,,
Ethiopia,2015,,0.1186829639129966,,,,
Ethiopia - rural,1981,0.3542659028803876,,,,,
Fiji,2002,0.004572558622135,,,,,
Fiji,2008,0.002357449526113,,,,,
Fiji,2013,0.0009212525852504,,,,,
Fiji,2019,,0.0029934537685235,,,,
Gabon,2005,0.0238524820148009,,,,,
Gabon,2017,,0.011189596803385,,,,
Gambia,1998,0.6206970007023482,,,,,
Gambia,2003,,0.2679335445791222,,,,
Gambia,2010,,,0.103250109384141,,,
Gambia,2015,,,,0.0282719490887888,,
Georgia,1996,0.0126319286054706,,,,,
Georgia,1997,,0.0882859855469692,,,,
Georgia,1998,,,0.08973896098816,,,
Georgia,1999,,,0.1010699631374029,,,
Georgia,2000,,,0.1111206544294184,,,
Georgia,2001,,,0.1020456789618718,,,
Georgia,2002,,,0.0435093557797461,,,
Georgia,2003,,,0.0481759869083059,,,
Georgia,2004,,,0.0466378611867157,,,
Georgia,2005,,,0.0474982125913679,,,
Georgia,2006,,,0.0455191612986407,,,
Georgia,2007,,,0.0484877530972472,,,
Georgia,2008,,,0.0406229441962607,,,
Georgia,2009,,,0.0425915997453956,,,
Georgia,2010,,,0.0514401250744027,,,
Georgia,2011,,,0.0507636191516043,,,
Georgia,2012,,,0.0321772155632239,,,
Georgia,2013,,,0.0211371928611719,,,
Georgia,2014,,,0.0162212163308817,,,
Georgia,2015,,,0.0113057166430123,,,
Georgia,2016,,,0.011964931390594,,,
Georgia,2017,,,0.0164880709487788,,,
Georgia,2018,,,0.016087789285279,,,
Georgia,2019,,,0.0107433846670917,,,
Georgia,2020,,,0.0149843324643577,,,
Ghana,1987,0.1893768543286946,,,,,
Ghana,1988,0.177610578490283,,,,,
Ghana,1991,,0.2341563911264449,,,,
Ghana,1998,,0.1621356882221413,,,,
Ghana,2005,,0.1092747052614355,,,,
Ghana,2012,,0.043340147235274,,,,
Ghana,2016,,0.0666514939413789,,,,
Guinea,1991,1.3974758076265417,,,,,
Guinea,1994,,0.287142124149132,,,,
Guinea,2002,,,0.4065643193700255,,,
Guinea,2007,,,,0.3312255057371575,,
Guinea,2012,,,,0.1428988669283214,,
Guinea,2018,,,,,0.0716293468547738,
Guinea-Bissau,1993,,0.2245136730544763,,,,
Guinea-Bissau,2002,,,0.283048142854737,,,
Guinea-Bissau,2010,,,,0.5157588077404074,,
Guinea-Bissau,2018,,,,,0.0686036584092719,
Haiti,2012,,0.1112530371462664,,,,
Hungary,1998,,,,2.505031168796275e-05,,
Hungary,1999,,,,0.0001238703219033,,
Hungary,2000,,,,0.0,,
Hungary,2001,,,,0.0,,
Hungary,2002,,,,0.0,,
Hungary,2003,,,,2.0230549749573644e-05,,
Hungary,2004,,,,0.0,,
Hungary,2005,,,,0.0,,
Hungary,2006,,,,0.0,,
Hungary,2007,,,,0.0,,
India,1977,0.304922457446385,,,,,
India,1983,,0.2436262868459854,,,,
India,1987,,,0.1881496917251069,,,
India,1993,,,,0.1634804066591119,,
India,2004,,,,0.1226094780112886,,
India,2009,,,,0.0925768304459006,,
India,2011,,,,0.0561457288707015,,
India - rural,1977,0.341087646209128,,,,,
India - rural,1983,,0.279438567797133,,,,
India - rural,1987,,,0.2087865593236326,,,
India - rural,1993,,,,0.1872481406072236,,
India - rural,2004,,,,0.1398438560086139,,
India - rural,2009,,,,0.1078794534409475,,
India - rural,2011,,,,0.0658006537778186,,
India - urban,1977,0.176894471269524,,,,,
India - urban,1983,,0.1294646119057745,,,,
India - urban,1987,,,0.1256504853465137,,,
India - urban,1993,,,,0.0965004261117963,,
India - urban,2004,,,,0.0802155197899606,,
India - urban,2009,,,,0.0578496270611398,,
India - urban,2011,,,,0.0349305779937683,,
Indonesia,1984,0.3612459208094707,,,,,
Indonesia,1987,0.3198887364534144,,,,,
Indonesia,1990,0.2119223352662071,,,,,
Indonesia,1993,,0.2052847564838309,,,,
Indonesia,1996,,0.1446853504254256,,,,
Indonesia,1998,,0.2628033467559424,,,,
Indonesia,1999,,0.1071076510173279,,,,
Indonesia,2000,,,0.0942473843091872,,,
Indonesia,2001,,,0.077937070288013,,,
Indonesia,2002,,,0.0392447950734103,,,
Indonesia,2003,,,0.0412605790071104,,,
Indonesia,2004,,,0.0526252617937582,,,
Indonesia,2005,,,,0.0427956107117713,,
Indonesia,2006,,,,0.0669046819330783,,
Indonesia,2007,,,,0.0470290089997301,,
Indonesia,2008,,,,0.0435267531057675,,
Indonesia,2009,,,,0.0341385630858017,,
Indonesia,2010,,,,0.02667875212766,,
Indonesia,2011,,,,,0.0214139394314474,
Indonesia,2012,,,,,0.0167128321620243,
Indonesia,2013,,,,,0.0123067667241065,
Indonesia,2014,,,,,0.0101917710687653,
Indonesia,2015,,,,,,0.0106409474043647
Indonesia,2016,,,,,,0.00877751369245
Indonesia,2017,,,,,,0.0074579664629416
Indonesia,2018,,,,,,0.0056033426474895
Indonesia,2019,,,,,,0.0035916027017644
Indonesia,2020,,,,,,0.0027020596050281
Indonesia,2021,,,,,,0.0029611030131107
Indonesia - rural,1984,0.4211150903756247,,,,,
Indonesia - rural,1987,0.361992373171321,,,,,
Indonesia - rural,1990,0.2478534974377593,,,,,
Indonesia - rural,1993,,0.2479877928739859,,,,
Indonesia - rural,1996,,0.1798112947594185,,,,
Indonesia - rural,1998,,0.3166839781555062,,,,
Indonesia - rural,1999,,0.1272705839821813,,,,
Indonesia - rural,2000,,,0.10967535634171,,,
Indonesia - rural,2001,,,0.0955749918365475,,,
Indonesia - rural,2002,,,0.0542834366125169,,,
Indonesia - rural,2003,,,0.0545452637273772,,,
Indonesia - rural,2004,,,0.0741633911091827,,,
Indonesia - rural,2005,,,,0.0601773087339129,,
Indonesia - rural,2006,,,,0.0926651001280016,,
Indonesia - rural,2007,,,,0.064064036799769,,
Indonesia - rural,2008,,,,0.0575882099817718,,
Indonesia - rural,2009,,,,0.0429138715351487,,
Indonesia - rural,2010,,,,0.0338868498017933,,
Indonesia - rural,2011,,,,,0.0258129600461601,
Indonesia - rural,2012,,,,,0.0189015336874653,
Indonesia - rural,2013,,,,,0.0135620384543912,
Indonesia - rural,2014,,,,,0.0105705511185075,
Indonesia - rural,2015,,,,,,0.0104319863054621
Indonesia - rural,2016,,,,,,0.009836774386898
Indonesia - rural,2017,,,,,,0.0074168725878812
Indonesia - rural,2018,,,,,,0.0057015120100124
Indonesia - rural,2019,,,,,,0.0036476447937543
Indonesia - rural,2020,,,,,,0.0027760794462631
Indonesia - rural,2021,,,,,,0.0025988535402623
Indonesia - urban,1984,0.1839531116646548,,,,,
Indonesia - urban,1987,0.2107308792438179,,,,,
Indonesia - urban,1990,0.1303699702954191,,,,,
Indonesia - urban,1993,,0.1216773439272454,,,,
Indonesia - urban,1996,,0.0854754695808869,,,,
Indonesia - urban,1998,,0.1805977225177961,,,,
Indonesia - urban,1999,,0.077841939004599,,,,
Indonesia - urban,2000,,,0.0729438389174261,,,
Indonesia - urban,2001,,,0.0543485199078943,,,
Indonesia - urban,2002,,,0.0197658054825095,,,
Indonesia - urban,2003,,,0.0245951223732358,,,
Indonesia - urban,2004,,,0.0264588364378394,,,
Indonesia - urban,2005,,,,0.0223433048004618,,
Indonesia - urban,2006,,,,0.0375484535759873,,
Indonesia - urban,2007,,,,0.0282272266088302,,
Indonesia - urban,2008,,,,0.0284965437237901,,
Indonesia - urban,2009,,,,0.0250539202803686,,
Indonesia - urban,2010,,,,0.0194458159271376,,
Indonesia - urban,2011,,,,,0.017118384259473,
Indonesia - urban,2012,,,,,0.0146330620375344,
Indonesia - urban,2013,,,,,0.0111459635256707,
Indonesia - urban,2014,,,,,0.0098509158013509,
Indonesia - urban,2015,,,,,,0.0108239377968543
Indonesia - urban,2016,,,,,,0.0078747808396386
Indonesia - urban,2017,,,,,,0.0074920548544828
Indonesia - urban,2018,,,,,,0.0055240707760708
Indonesia - urban,2019,,,,,,0.0035475428166651
Indonesia - urban,2020,,,,,,0.0026453970054225
Indonesia - urban,2021,,,,,,0.0032311619250384
Iran,1986,0.0205503969262332,,,,,
Iran,1990,0.0191034864271647,,,,,
Iran,1994,0.0072052081964653,,,,,
Iran,1998,0.0055528276659186,,,,,
Iran,2005,,0.0014146207211062,,,,
Iran,2006,,0.0012512920823623,,,,
Iran,2009,,0.0043147696644295,,,,
Iran,2013,,0.0003970700513441,,,,
Iran,2014,,0.0009604800319,,,,
Iran,2015,,0.0006998535642551,,,,
Iran,2016,,0.0007570332446475,,,,
Iran,2017,,0.0006867994208351,,,,
Iran,2018,,0.0012471114265577,,,,
Iran,2019,,0.0017016142714815,,,,
Iraq,2006,0.0027709231466185,,,,,
Iraq,2012,0.0029456168940691,,,,,
Jamaica,1988,0.0203153038860455,,,,,
Jamaica,1990,,0.0111863675491034,,,,
Jamaica,1993,0.0324711350060318,,,,,
Jamaica,1996,,0.0105365090537966,,,,
Jamaica,1999,,0.0085165040088775,,,,
Jamaica,2002,,0.0104954335939312,,,,
Jamaica,2004,,0.004503926024005,,,,
Jordan,1986,0.0,,,,,
Jordan,1992,0.006340521823271,,,,,
Jordan,1997,0.003554038305668,,,,,
Jordan,2002,,0.0017827188782039,,,,
Jordan,2006,,,0.0005658115973724,,,
Jordan,2008,,,,0.0001539271099275,,
Jordan,2010,,,,0.0003208398537812,,
Kazakhstan,1996,,0.0201198005385527,,,,
Kazakhstan,2001,,,0.0279532049562767,,,
Kazakhstan,2002,,,0.0140617780192277,,,
Kazakhstan,2003,,,0.0088772784870006,,,
Kazakhstan,2004,,,0.0033202683678056,,,
Kazakhstan,2005,,,,0.0164648679382349,,
Kazakhstan,2006,,,,0.0009299848478477,,
Kazakhstan,2007,,,,0.0003103554197457,,
Kazakhstan,2008,,,,4.463012492136382e-06,,
Kazakhstan,2009,,,,0.0001203402905094,,
Kazakhstan,2010,,,,0.0001544331981186,,
Kazakhstan,2011,,,,5.419241902014074e-05,,
Kazakhstan,2012,,,,3.9789990338843695e-05,,
Kazakhstan,2013,,,,5.088531606778495e-05,,
Kazakhstan,2014,,,,7.083767754117474e-06,,
Kazakhstan,2015,,,,8.210898715943619e-06,,
Kazakhstan,2016,,,,3.777544489438778e-05,,
Kazakhstan,2017,,,,6.819410425572733e-05,,
Kazakhstan,2018,,,,8.112280249567393e-06,,
Kenya,1992,0.1773152018029379,,,,,
Kenya,1994,,0.1700953022112622,,,,
Kenya,1997,,,0.1311878081582792,,,
Kenya,2005,,,,0.2454045538409355,,
Kenya,2015,,,,0.1619053428925595,,
Kiribati,2006,0.0435070262924302,,,,,
Kiribati,2019,,0.0024720867795386,,,,
Kosovo,2003,0.0023765475903155,,,,,
Kosovo,2005,0.0090546229075412,,,,,
Kosovo,2006,0.0057526164541807,,,,,
Kosovo,2009,0.0061019299884219,,,,,
Kosovo,2010,0.0043839244411461,,,,,
Kosovo,2011,0.0020784032454576,,,,,
Kosovo,2012,,0.000890907738564,,,,
Kosovo,2013,,0.0010674328877779,,,,
Kosovo,2014,,0.0025417604641371,,,,
Kosovo,2015,,0.0012081962795466,,,,
Kosovo,2016,,0.0020926348283606,,,,
Kosovo,2017,,0.0027918696659362,,,,
Kyrgyzstan,2000,,0.1160907116033032,,,,
Kyrgyzstan,2001,,0.0922071064947552,,,,
Kyrgyzstan,2002,,0.087665143477367,,,,
Kyrgyzstan,2003,,0.0573023153554104,,,,
Kyrgyzstan,2004,,,0.0258622118314939,,,
Kyrgyzstan,2005,,,0.0270401763401123,,,
Kyrgyzstan,2006,,,0.014917858676717,,,
Kyrgyzstan,2007,,,0.0173621656651385,,,
Kyrgyzstan,2008,,,0.0067536875420481,,,
Kyrgyzstan,2009,,,0.0033144110779594,,,
Kyrgyzstan,2010,,,0.0148247328261058,,,
Kyrgyzstan,2011,,,0.0017340952429374,,,
Kyrgyzstan,2012,,,0.0081031857657008,,,
Kyrgyzstan,2013,,,0.0040636072237048,,,
Kyrgyzstan,2014,,,0.0019835704690049,,,
Kyrgyzstan,2015,,,0.0043013363993024,,,
Kyrgyzstan,2016,,,0.0022177700683144,,,
Kyrgyzstan,2017,,,0.0023959241346966,,,
Kyrgyzstan,2018,,,0.0011352055492912,,,
Kyrgyzstan,2019,,,0.002540947055566,,,
Kyrgyzstan,2020,,,0.0019303085249023,,,
Laos,1992,0.0870910000850127,,,,,
Laos,1997,0.1994852820477611,,,,,
Laos,2002,0.0930187282610472,,,,,
Laos,2007,0.0747179981389006,,,,,
Laos,2012,,0.0363832745815025,,,,
Laos,2018,,0.021946158227909,,,,
Latvia,1997,,0.0069844067962504,,,,
Latvia,1998,,0.0051407756095713,,,,
Latvia,2002,,0.0028769336230653,,,,
Latvia,2003,,0.0011444800740072,,,,
Latvia,2004,,0.0006131253271162,,,,
Latvia,2007,,2.4917251024534884e-05,,,,
Latvia,2008,,3.83248469710623e-05,,,,
Latvia,2009,,0.0004905029510794,,,,
Lebanon,2011,0.0,,,,,
Lesotho,1986,0.4179841936763557,,,,,
Lesotho,1994,,0.5521348258046794,,,,
Lesotho,2002,,,0.5965913087192666,,,
Lesotho,2017,,,,0.134115346295125,,
Liberia,2007,0.4722668823901334,,,,,
Liberia,2014,,0.1767023928368468,,,,
Liberia,2016,,0.1974915554874609,,,,
Lithuania,1996,,0.0,,,,
Lithuania,1998,,,0.0006733755399512,,,
Lithuania,1999,,,0.0005032571237206,,,
Lithuania,2000,,,0.0003256109465318,,,
Lithuania,2001,,,0.0017655931053648,,,
Lithuania,2002,,,0.0007999348417658,,,
Lithuania,2003,,,0.0003779331242021,,,
Lithuania,2004,,,0.0003031978487127,,,
Lithuania,2008,,,0.0003330942620414,,,
Madagascar,1980,0.2640094935116173,,,,,
Madagascar,1993,,0.4806640848087734,,,,
Madagascar,1997,,,0.4396409619657394,,,
Madagascar,1999,,,0.4170858663207903,,,
Madagascar,2001,,,,0.5487456517164023,,
Madagascar,2005,,,,0.4520873358943614,,
Madagascar,2010,,,,0.5983900730562096,,
Madagascar,2012,,,,0.660278209454962,,
Malawi,1997,0.3429912280828051,,,,,
Malawi,2004,,0.4517707397760915,,,,
Malawi,2010,,0.5197290216934047,,,,
Malawi,2016,,0.4178652765327615,,,,
Malawi,2019,,0.4790260994189779,,,,
Maldives,2002,0.0166263457315951,,,,,
Maldives,2009,,0.0085198599389416,,,,
Maldives,2016,,,0.0,,,
Maldives,2019,,,,0.0,,
Mali,1994,0.9671048590324,,,,,
Mali,2001,,0.3436420240543507,,,,
Mali,2006,,,0.258096126797127,,,
Mali,2009,,,0.2123759221633459,,,
Mali,2018,,,,0.0412237630997833,,
Marshall Islands,2019,0.0018698340954295,,,,,
Mauritania,1987,0.2898395334821227,,,,,
Mauritania,1993,,0.1909806047463974,,,,
Mauritania,1995,,,0.0851548546459521,,,
Mauritania,2000,,,,0.0727235506101766,,
Mauritania,2004,,,,0.0562612144227401,,
Mauritania,2008,,,,0.0364101070557996,,
Mauritania,2014,,,,0.0179944850161666,,
Mauritius,2006,0.0009142127292568,,,,,
Mauritius,2012,0.0012052289927911,,,,,
Mauritius,2017,0.0002867566952862,,,,,
Micronesia (country),2005,,0.0203572001967506,,,,
Micronesia (country),2013,,,0.0868285738223764,,,
Moldova,1997,0.0643985937280448,,,,,
Moldova,1998,0.1238946187559028,,,,,
Moldova,1999,0.1704470932935169,,,,,
Moldova,2000,0.1469930600312656,,,,,
Moldova,2001,0.1039432570132193,,,,,
Moldova,2002,0.0482830022100748,,,,,
Moldova,2003,0.0164009169784019,,,,,
Moldova,2004,0.022842168992733,,,,,
Moldova,2005,,0.041863598988548,,,,
Moldova,2006,,,0.0085315492639056,,,
Moldova,2007,,,0.003634667466819,,,
Moldova,2008,,,0.0028908340514071,,,
Moldova,2009,,,0.0016798505474647,,,
Moldova,2010,,,0.0012945021842996,,,
Moldova,2011,,,0.0004657110593002,,,
Moldova,2012,,,0.0003736553201455,,,
Moldova,2013,,,0.0001364404733118,,,
Moldova,2014,,,0.0,,,
Moldova,2015,,,3.4981726786773e-05,,,
Moldova,2016,,,0.0005491889299961,,,
Moldova,2017,,,1.5029994039736085e-05,,,
Moldova,2018,,,9.747668302000194e-06,,,
Moldova,2019,,,2.257005427977508e-05,,,
Mongolia,1995,0.0309034679282468,,,,,
Mongolia,1998,0.0981675885016946,,,,,
Mongolia,2002,,0.0265374811970807,,,,
Mongolia,2007,,,0.0022853592939125,,,
Mongolia,2010,,,,0.0011357168337318,,
Mongolia,2011,,,,0.0006184150706426,,
Mongolia,2012,,,,0.0006285803091584,,
Mongolia,2014,,,,0.000305447847743,,
Mongolia,2016,,,,0.0007040209438871,,
Mongolia,2018,,,,0.0006326063666464,,
Montenegro,2005,0.0007371645460809,,,,,
Montenegro,2006,0.0,,,,,
Montenegro,2007,0.0002007378727186,,,,,
Montenegro,2008,0.0004309524425391,,,,,
Montenegro,2009,0.0,,,,,
Montenegro,2010,0.0,,,,,
Montenegro,2011,0.0010039560406337,,,,,
Montenegro,2012,0.0068323954480286,,,,,
Montenegro,2013,0.0024184021284213,,,,,
Montenegro,2014,0.0,,,,,
Morocco,1984,0.0278191141986764,,,,,
Morocco,1990,0.0051166113950437,,,,,
Morocco,1998,0.0169206672774373,,,,,
Morocco,2000,,0.0152204351522997,,,,
Morocco,2006,,0.0068353655805427,,,,
Morocco,2013,,0.0019748328985716,,,,
Mozambique,1996,0.8932040577647465,,,,,
Mozambique,2002,0.6648649122931362,,,,,
Mozambique,2008,0.5141581316935596,,,,,
Mozambique,2014,0.4493868501017201,,,,,
Myanmar,2015,0.0138014990328122,,,,,
Myanmar,2017,0.0024467786980349,,,,,
Namibia,2003,,0.1497573330815728,,,,
Namibia,2009,,0.0945650800078253,,,,
Namibia,2015,,0.0671400163322215,,,,
Nauru,2012,0.0012468502272714,,,,,
Nepal,1995,,0.3304979558914317,,,,
Nepal,2003,,0.2212780929738027,,,,
Nepal,2010,,,0.0375780731192915,,,
Nicaragua,1993,0.0926935982997842,,,,,
Nicaragua,1998,0.0590856133120823,,,,,
Nicaragua,2001,0.0641614121830899,,,,,
Nicaragua,2005,,0.0464305091690484,,,,
Niger,1992,0.5183215608019425,,,,,
Niger,1994,,0.7181151612737567,,,,
Niger,2005,,,0.5627008552004366,,,
Niger,2007,,,,0.4140553271976263,,
Niger,2011,,,,,0.1821874385439627,
Niger,2014,,,,,0.1815671797245575,
Niger,2018,,,,,,0.1465262302771288
Nigeria,1985,0.3460290457037279,,,,,
Nigeria,1992,,0.4934525895506155,,,,
Nigeria,1996,,,0.5514208065306263,,,
Nigeria,2003,,,,0.3548580237896587,,
Nigeria,2010,,,,,0.192543337964786,
Nigeria,2012,,,,,0.1851851979334706,
Nigeria,2015,,,,,0.1754078198667703,
Nigeria,2018,,,,,,0.1687593330073901
North Macedonia,1998,0.0009578059490001,,,,,
North Macedonia,2000,,0.0151333378439314,,,,
North Macedonia,2002,,0.0046178760199166,,,,
North Macedonia,2003,,0.003732401839431,,,,
North Macedonia,2004,,0.0024120008203756,,,,
North Macedonia,2005,,0.0052888147048291,,,,
North Macedonia,2006,,0.0076440013379249,,,,
North Macedonia,2008,,0.0025564886478024,,,,
Pakistan,1987,0.2978524661802422,,,,,
Pakistan,1990,0.2897994506107155,,,,,
Pakistan,1996,0.0350034919173062,,,,,
Pakistan,1998,0.0651911310579114,,,,,
Pakistan,2001,,0.0671963485835034,,,,
Pakistan,2004,,0.0379717801024,,,,
Pakistan,2005,,0.0324152446179136,,,,
Pakistan,2007,,0.0195036565807503,,,,
Pakistan,2010,,0.0110201898378668,,,,
Pakistan,2011,,0.010453795470049,,,,
Pakistan,2013,,0.0088279730358266,,,,
Pakistan,2015,,0.0053494332804467,,,,
Pakistan,2018,,0.004805721104117,,,,
Palestine,2004,0.0024347870480823,,,,,
Palestine,2005,0.0009077835848752,,,,,
Palestine,2006,0.0007083789495222,,,,,
Palestine,2007,0.0045286104050497,,,,,
Palestine,2009,0.0007284670014195,,,,,
Palestine,2010,,0.0002743392974327,,,,
Palestine,2011,,0.0008774168872233,,,,
Palestine,2016,,0.0014591546244471,,,,
Papua New Guinea,1996,0.3205745262172123,,,,,
Papua New Guinea,2009,,0.220307525646644,,,,
Peru,1985,0.0093530562370171,,,,,
Peru,1994,0.056690865019279,,,,,
Philippines,1985,0.0942864902984261,,,,,
Philippines,1988,0.0775352223467634,,,,,
Philippines,1991,0.0866072775810159,,,,,
Philippines,1994,0.0799161479423304,,,,,
Philippines,1997,,0.050028166023986,,,,
Philippines,2000,,,0.0360953544545941,,,
Philippines,2003,,,,0.0338005426035377,,
Philippines,2006,,,,0.0372774947159604,,
Philippines,2009,,,,0.0248762876734353,,
Philippines,2012,,,,0.0292074984619173,,
Philippines,2015,,,,0.0170269391169229,,
Philippines,2018,,,,0.0087983681024191,,
Poland,1993,,0.0003114750371387,,,,
Poland,1996,,0.005293783622263,,,,
Poland,1998,,,2.8484946770589828e-05,,,
Poland,1999,,,8.720622404013123e-05,,,
Poland,2000,,,0.0002148488178756,,,
Poland,2001,,,0.000201272015122,,,
Poland,2002,,,6.590088001845679e-05,,,
Poland,2003,,,4.285516236310741e-05,,,
Poland,2004,,,0.0001576084387965,,,
Poland,2005,,,0.0002447284468728,,,
Poland,2006,,,2.5723747873624487e-05,,,
Poland,2007,,,6.502476778389365e-05,,,
Poland,2008,,,1.2652371168639176e-05,,,
Poland,2009,,,6.835390309452357e-06,,,
Poland,2010,,,0.0,,,
Poland,2011,,,2.0775724909344283e-05,,,
Poland,2012,,,3.289214615195152e-05,,,
Poland,2013,,,1.2912293694722577e-06,,,
Poland,2014,,,3.539022727488643e-06,,,
Poland,2015,,,0.0,,,
Poland,2016,,,1.2217679424607934e-05,,,
Poland,2017,,,0.0,,,
Poland,2018,,,1.282255037097394e-06,,,
Poland,2019,,,0.0,,,
Romania,1998,,0.0035770925554336,,,,
Romania,1999,,,0.0109331949238066,,,
Romania,2000,,0.0127970633051519,,,,
Romania,2001,,,0.0090359549984736,,,
Romania,2002,,,0.0106077873248127,,,
Romania,2003,,,0.0059658590717935,,,
Romania,2004,,,0.0007082357624687,,,
Romania,2005,,,0.0011657148011395,,,
Romania,2006,,,0.0017634111561874,,,
Romania,2007,,,0.0,,,
Romania,2008,,,0.0,,,
Romania,2009,,,0.0,,,
Romania,2010,,,0.0,,,
Romania,2011,,,0.0,,,
Romania,2012,,,0.0,,,
Romania,2013,,,0.0,,,
Romania,2016,,,0.0,,,
Romania,2018,,,0.0,,,
Russia,1993,0.0066002526240822,,,,,
Russia,1996,0.0125220979208051,,,,,
Russia,1997,,0.0049398566161685,,,,
Russia,1998,,0.0073590808198489,,,,
Russia,1999,,0.0149808995200162,,,,
Russia,2000,,0.0095242674996043,,,,
Russia,2001,,0.0060674246783749,,,,
Russia,2002,,0.0028304892911135,,,,
Russia,2003,,0.003287421749904,,,,
Russia,2004,,0.0032449520684174,,,,
Russia,2005,,0.00227280311158,,,,
Russia,2006,,0.0011988089309639,,,,
Russia,2007,,0.0005285864351284,,,,
Russia,2008,,0.0003508872981161,,,,
Russia,2009,,0.000165140574788,,,,
Russia,2010,,0.0002472433557389,,,,
Russia,2011,,9.190174044901856e-05,,,,
Russia,2012,,7.453543234178361e-05,,,,
Russia,2013,,1.3656268469614996e-05,,,,
Russia,2014,,4.161048210227098e-05,,,,
Russia,2015,,6.05950298196891e-05,,,,
Russia,2016,,0.0001093258607895,,,,
Russia,2017,,9.044713770612313e-05,,,,
Russia,2018,,6.237109889472791e-05,,,,
Russia,2019,,3.69365874269842e-05,,,,
Russia,2020,,1.712448626100439e-05,,,,
Rwanda,2000,,0.6281017777407983,,,,
Rwanda,2005,,0.5055217403647677,,,,
Rwanda,2010,,0.3729030117791204,,,,
Rwanda,2013,,0.3032072267701891,,,,
Rwanda,2016,,0.296626077370782,,,,
Rwanda - rural,1984,0.2693618871096346,,,,,
Samoa,2002,0.0042517058783212,,,,,
Samoa,2008,0.0009636968399794,,,,,
Samoa,2013,0.0016558033588225,,,,,
Sao Tome and Principe,2000,0.1080954268540452,,,,,
Sao Tome and Principe,2010,,0.1197797038980524,,,,
Sao Tome and Principe,2017,,,0.0904871757264939,,,
Senegal,1991,0.6444031051680127,,,,,
Senegal,1994,,0.3041169314110291,,,,
Senegal,2001,,,0.2268114786173488,,,
Senegal,2005,,,,0.1804469003245954,,
Senegal,2011,,,,0.1874707691337285,,
Senegal,2018,,,,,0.0177043770225105,
Serbia,2002,0.0002989705213316,,,,,
Serbia,2003,,0.0017085825574059,,,,
Serbia,2004,,0.0025016194886798,,,,
Serbia,2005,,0.0028071162460857,,,,
Serbia,2006,,0.0010930761712148,,,,
Serbia,2007,,0.0010835801513182,,,,
Serbia,2008,,0.0004134312241172,,,,
Serbia,2009,,0.0002838412711209,,,,
Serbia,2010,,0.0001550950798467,,,,
Serbia,2013,,0.0003800498958862,,,,
Serbia,2015,,0.0003555835001771,,,,
Serbia,2018,,4.16093278974296e-05,,,,
Serbia,2019,,7.357756986606696e-06,,,,
Seychelles,1999,0.0015860152544073,,,,,
Seychelles,2006,,0.0007208947678059,,,,
Sierra Leone,1989,,,,,,
Sierra Leone,2003,,0.4921367705765229,,,,
Sierra Leone,2011,,0.2421596631417098,,,,
Sierra Leone,2018,,0.1504044597845002,,,,
Slovakia,2004,,6.896846924547468e-05,,,,
Slovakia,2005,,8.469641168634286e-05,,,,
Slovakia,2006,,0.0,,,,
Slovakia,2007,,0.0,,,,
Slovakia,2008,,0.0,,,,
Slovakia,2009,,0.0,,,,
Slovenia,1998,,,0.0,,,
Slovenia,2002,,,0.0,,,
Slovenia,2003,,,0.0,,,
Solomon Islands,2005,0.2824404057577184,,,,,
Solomon Islands,2012,,0.0874272247416506,,,,
Somalia,2017,0.4415404474662117,,,,,
South Africa,1993,0.1498846044843088,,,,,
South Africa,2000,,,0.187346195345897,,,
South Africa,2005,,,,0.1136669189981583,,
South Africa,2008,,,,0.0630003329749434,,
South Africa,2010,,,,0.065499209227038,,
South Africa,2014,,,,0.0858193817150096,,
South Sudan,2009,0.3357255110103618,,,,,
South Sudan,2016,,0.707194819518253,,,,
Sri Lanka,1985,0.0335511983333544,,,,,
Sri Lanka,1990,,0.0193093687365463,,,,
Sri Lanka,1995,,,0.0209816466505349,,,
Sri Lanka,2002,,,,0.0179385587869565,,
Sri Lanka,2006,,,,0.0075999449623953,,
Sri Lanka,2009,,,,0.0056075147096995,,
Sri Lanka,2012,,,,0.0033095427887252,,
Sri Lanka,2016,,,,0.0012833838300351,,
Sudan,2009,0.0564822886472054,,,,,
Sudan,2014,,0.0351746401416264,,,,
Syria,1996,0.0038337106549668,,,,,
Syria,2003,0.0014809476845503,,,,,
Tajikistan,1999,0.2167021538703065,,,,,
Tajikistan,2003,0.0915932772039368,,,,,
Tajikistan,2004,,0.0372555618830419,,,,
Tajikistan,2007,0.0581015482415445,,,,,
Tajikistan,2009,0.0084507690017126,,,,,
Tajikistan,2015,0.0111824803097471,,,,,
Tanzania,1991,0.4639179563494694,,,,,
Tanzania,2000,,0.7665537284113336,,,,
Tanzania,2007,,0.3429323041779979,,,,
Tanzania,2011,,0.2080155621700831,,,,
Tanzania,2018,,0.2125698534005226,,,,
Thailand,1981,0.060853604421548,,,,,
Thailand,1988,0.0284187781947407,,,,,
Thailand,1990,,0.021160883575618,,,,
Thailand,1992,,0.0131379559566381,,,,
Thailand,1994,,0.0059460012309645,,,,
Thailand,1996,,0.0037857895464963,,,,
Thailand,1998,,0.0025750162842269,,,,
Thailand,1999,,0.0039213894446486,,,,
Thailand,2000,,,0.0046010820370681,,,
Thailand,2002,,,0.0027136271844743,,,
Thailand,2004,,,0.0014450649246514,,,
Thailand,2006,,,0.0012316052154098,,,
Thailand,2007,,,0.0005400273446982,,,
Thailand,2008,,,0.000231659747555,,,
Thailand,2009,,,0.0002775913747868,,,
Thailand,2010,,,0.0001440956915912,,,
Thailand,2011,,,7.533666785771256e-05,,,
Thailand,2012,,,0.0001376217082004,,,
Thailand,2013,,,3.91474892966541e-05,,,
Thailand,2014,,,,5.340969704815695e-05,,
Thailand,2015,,,,0.0001447617515234,,
Thailand,2016,,,,5.100484377736346e-05,,
Thailand,2017,,,,3.6387528053718464e-05,,
Thailand,2018,,,,4.160174050662764e-05,,
Thailand,2019,,,,0.0002284428288383,,
Thailand,2020,,,,8.591184634138765e-05,,
Timor,2001,0.1469894696634227,,,,,
Timor,2007,0.1109094281681555,,,,,
Timor,2014,0.053589364764499,,,,,
Togo,2006,0.310656506120096,,,,,
Togo,2011,0.3626792747438894,,,,,
Togo,2015,0.3177551177060843,,,,,
Togo,2018,,0.0898679640204865,,,,
Tonga,2000,0.0083792972852613,,,,,
Tonga,2009,,0.0033294955255094,,,,
Tonga,2015,,0.0021333677629903,,,,
Tunisia,1985,0.0496313975561928,,,,,
Tunisia,1990,0.0367209859326584,,,,,
Tunisia,1995,,0.0358293449399163,,,,
Tunisia,2000,,0.0146094302861609,,,,
Tunisia,2005,,,0.0090331060227884,,,
Tunisia,2010,,,0.0049288794179975,,,
Tunisia,2015,,,0.0003679499172395,,,
Turkey,1987,0.0058788912588765,,,,,
Turkey,1994,0.0074758377311077,,,,,
Turkey,2002,,0.0032101177613425,,,,
Turkey,2003,,0.0092385882178818,,,,
Turkey,2004,,0.0031786078637601,,,,
Turkey,2005,,0.0052813983510448,,,,
Turkey,2006,,0.003112311653744,,,,
Turkey,2007,,0.0015438358420954,,,,
Turkey,2008,,0.0022331561312756,,,,
Turkey,2009,,0.0005450348720349,,,,
Turkey,2010,,0.0009306241915281,,,,
Turkey,2011,,9.049096211273349e-05,,,,
Turkey,2012,,4.308963747947592e-05,,,,
Turkey,2013,,0.0006169167632241,,,,
Turkey,2014,,0.0003400999565344,,,,
Turkey,2015,,0.0007307252312626,,,,
Turkey,2016,,0.0003795974380536,,,,
Turkey,2017,,0.0001635283849233,,,,
Turkey,2018,,9.625398641702096e-05,,,,
Turkey,2019,,0.0005412162170631,,,,
Turkmenistan,1998,0.2551491738815457,,,,,
Tuvalu,2010,0.0043976857915028,,,,,
Uganda,1989,0.4137050815341008,,,,,
Uganda,1992,,0.3907641139818455,,,,
Uganda,1996,,0.3595045373063866,,,,
Uganda,1999,,0.4340099821596663,,,,
Uganda,2002,,,0.3963232926049371,,,
Uganda,2005,,,0.3092409161918114,,,
Uganda,2009,,,0.2097725777531764,,,
Uganda,2012,,,0.1450845024865896,,,
Uganda,2016,,,0.1760511231686972,,,
Uganda,2019,,,0.1792523772503173,,,
Ukraine,1992,0.0075787437764544,,,,,
Ukraine,1993,0.0031477123859362,,,,,
Ukraine,1995,,0.0148511680646857,,,,
Ukraine,1996,,,0.0173559223588357,,,
Ukraine,2002,,,,,0.0031505410295924,
Ukraine,2003,,,,,0.0014329014708257,
Ukraine,2004,,,,,0.0007649809882744,
Ukraine,2005,,,,,0.0004006144725927,
Ukraine,2006,,,,,0.0001058968767759,
Ukraine,2007,,,,,7.540407268213937e-05,
Ukraine,2008,,,,,2.298543676476501e-05,
Ukraine,2009,,,,,7.452175972752407e-05,
Ukraine,2010,,,,,3.877287264210376e-07,
Ukraine,2011,,,,,0.0,
Ukraine,2012,,,,,0.0,
Ukraine,2013,,,,,0.0,
Ukraine,2014,,,,,1.6629114963888377e-05,
Ukraine,2015,,,,,3.02748689936235e-05,
Ukraine,2016,,,,,0.0,
Ukraine,2017,,,,,2.303322355889572e-05,
Ukraine,2018,,,,,1.804898039352124e-05,
Ukraine,2019,,,,,0.0,
Ukraine,2020,,,,,3.855194918664929e-05,
Uzbekistan,1998,0.2685736866234475,,,,,
Uzbekistan,2000,0.3329472490424462,,,,,
Uzbekistan,2002,0.2434246577136395,,,,,
Uzbekistan,2003,0.3089565865022826,,,,,
Vanuatu,2010,0.0414773623473192,,,,,
Vanuatu,2019,,0.025760596853972,,,,
Vietnam,1992,0.2170691340852033,,,,,
Vietnam,1997,0.0954157403142751,,,,,
Vietnam,2002,,0.124627630226316,,,,
Vietnam,2004,,0.0850886399746629,,,,
Vietnam,2006,,0.0604580422888638,,,,
Vietnam,2008,,0.0431339365231372,,,,
Vietnam,2010,,,0.0102659108876278,,,
Vietnam,2012,,,0.0053576782055561,,,
Vietnam,2014,,,0.0063155878809902,,,
Vietnam,2016,,,0.0043321004677081,,,
Vietnam,2018,,,0.0040537647338779,,,
Yemen,1998,0.0193067152569727,,,,,
Yemen,2005,,0.0207930136602669,,,,
Yemen,2014,,0.0532191081795411,,,,
Zambia,1991,0.8915459596818126,,,,,
Zambia,1993,,0.5160703728355037,,,,
Zambia,1996,,,0.2500516928453998,,,
Zambia,1998,,,,0.2705914699479156,,
Zambia,2002,,,,0.2674899419868191,,
Zambia,2004,,,,0.4648296385816126,,
Zambia,2006,,,,0.520324491270339,,
Zambia,2010,,,,,0.5343089346464089,
Zambia,2015,,,,,0.5313737276404505,
Zimbabwe,2011,0.0659585989652208,,,,,
Zimbabwe,2017,0.1175847142490403,,,,,
Zimbabwe,2019,0.1829887467201208,,,,,
