Entity,Year,income_spell_1,income_spell_2,income_spell_3,income_spell_4,income_spell_5,income_spell_6,income_spell_7
Albania,2016,,,,,16.02,,
Albania,2017,,,,,16.42,,
Albania,2018,,,,,17.02,,
Argentina - urban,1980,44.9,,,,,,
Argentina - urban,1986,49.15,,,,,,
Argentina - urban,1987,45.25,,,,,,
Argentina - urban,1991,,30.95,,,,,
Argentina - urban,1992,,33.45,,,,,
Argentina - urban,1993,,33.05,,,,,
Argentina - urban,1994,,32.35,,,,,
Argentina - urban,1995,,33.0,,,,,
Argentina - urban,1996,,31.6,,,,,
Argentina - urban,1997,,34.0,,,,,
Argentina - urban,1998,,32.4,,,,,
Argentina - urban,1999,,31.3,,,,,
Argentina - urban,2000,,30.9,,,,,
Argentina - urban,2001,,29.38,,,,,
Argentina - urban,2002,,19.9,,,,,
Argentina - urban,2003,,,27.44,,,,
Argentina - urban,2004,,,29.92,,,,
Argentina - urban,2005,,,32.05,,,,
Argentina - urban,2006,,,34.9,,,,
Argentina - urban,2007,,,36.2,,,,
Argentina - urban,2008,,,36.7,,,,
Argentina - urban,2009,,,37.7,,,,
Argentina - urban,2010,,,38.75,,,,
Argentina - urban,2011,,,41.25,,,,
Argentina - urban,2012,,,40.1,,,,
Argentina - urban,2013,,,40.35,,,,
Argentina - urban,2014,,,38.2,,,,
Argentina - urban,2016,,,39.75,,,,
Argentina - urban,2017,,,41.3,,,,
Argentina - urban,2018,,,37.65,,,,
Argentina - urban,2019,,,36.9,,,,
Argentina - urban,2020,,,32.6,,,,
Armenia,1996,11.08,,,,,,
Australia,1981,61.4,,,,,,
Australia,1985,,65.45,,,,,
Australia,1989,,,66.5,,,,
Australia,1995,,,60.45,,,,
Australia,2001,,,69.95,,,,
Australia,2003,,,71.8,,,,
Australia,2004,,,,77.35,,,
Australia,2008,,,98.05,,,,
Australia,2010,,,,97.95,,,
Australia,2014,,,102.4,,,,
Australia,2016,,,99.6,,,,
Australia,2018,,,101.5,,,,
Austria,1987,65.7,,,,,,
Austria,1994,,77.7,,,,,
Austria,1995,68.8,,,,,,
Austria,1997,,76.9,,,,,
Austria,2000,,78.7,,,,,
Austria,2003,,,80.6,,,,
Austria,2004,,,85.25,,,,
Austria,2005,,,80.7,,,,
Austria,2006,,,82.75,,,,
Austria,2007,,,89.15,,,,
Austria,2008,,,88.15,,,,
Austria,2009,,,92.0,,,,
Austria,2010,,,93.0,,,,
Austria,2011,,,92.4,,,,
Austria,2012,,,89.8,,,,
Austria,2013,,,92.85,,,,
Austria,2014,,,90.7,,,,
Austria,2015,,,90.3,,,,
Austria,2016,,,95.3,,,,
Austria,2017,,,94.15,,,,
Austria,2018,,,96.0,,,,
Austria,2019,,,98.5,,,,
Belarus,1993,10.22,,,,,,
Belarus,1995,16.76,,,,,,
Belgium,1985,48.0,,,,,,
Belgium,1988,50.15,,,,,,
Belgium,1992,53.95,,,,,,
Belgium,1995,,65.7,,,,,
Belgium,1997,66.4,,,,,,
Belgium,2000,,71.8,,,,,
Belgium,2003,,,71.0,,,,
Belgium,2004,,,72.3,,,,
Belgium,2005,,,73.95,,,,
Belgium,2006,,,74.35,,,,
Belgium,2007,,,76.05,,,,
Belgium,2008,,,76.7,,,,
Belgium,2009,,,77.35,,,,
Belgium,2010,,,76.85,,,,
Belgium,2011,,,75.7,,,,
Belgium,2012,,,77.35,,,,
Belgium,2013,,,77.5,,,,
Belgium,2014,,,77.95,,,,
Belgium,2015,,,79.1,,,,
Belgium,2016,,,78.1,,,,
Belgium,2017,,,78.9,,,,
Belgium,2018,,,79.35,,,,
Belgium,2019,,,82.1,,,,
Belize,1993,19.44,,,,,,
Belize,1994,17.86,,,,,,
Belize,1996,,,16.64,,,,
Belize,1997,16.48,,,,,,
Belize,1998,17.74,,,,,,
Belize,1999,17.04,,,,,,
Bolivia,1997,,19.8,,,,,
Bolivia,1999,,,18.98,,,,
Bolivia,2000,,,16.42,,,,
Bolivia,2001,,,,16.78,,,
Bolivia,2002,,,,,16.44,,
Bolivia,2004,,,,,18.78,,
Bolivia,2005,,,,,21.2,,
Bolivia,2006,,,,,22.54,,
Bolivia,2007,,,,,22.24,,
Bolivia,2008,,,,,22.66,,
Bolivia,2009,,,,,23.18,,
Bolivia,2011,,,,,26.02,,
Bolivia,2012,,,,,26.88,,
Bolivia,2013,,,,,29.28,,
Bolivia,2014,,,,,28.54,,
Bolivia,2015,,,,,27.46,,
Bolivia,2016,,,,,26.74,,
Bolivia,2017,,,,,27.22,,
Bolivia,2018,,,,,26.12,,
Bolivia,2019,,,,,26.82,,
Bolivia,2020,,,,,27.42,,
Bolivia - urban,1990,15.4,,,,,,
Bolivia - urban,1992,12.78,,,,,,
Brazil,1981,17.54,,,,,,
Brazil,1982,18.22,,,,,,
Brazil,1983,15.6,,,,,,
Brazil,1984,15.16,,,,,,
Brazil,1985,16.78,,,,,,
Brazil,1986,28.4,,,,,,
Brazil,1987,22.3,,,,,,
Brazil,1988,22.34,,,,,,
Brazil,1989,25.68,,,,,,
Brazil,1990,20.52,,,,,,
Brazil,1992,16.34,,,,,,
Brazil,1993,19.7,,,,,,
Brazil,1995,27.42,,,,,,
Brazil,1996,26.98,,,,,,
Brazil,1997,26.84,,,,,,
Brazil,1998,27.48,,,,,,
Brazil,1999,25.9,,,,,,
Brazil,2001,29.04,,,,,,
Brazil,2002,29.24,,,,,,
Brazil,2003,27.86,,,,,,
Brazil,2004,27.72,,,,,,
Brazil,2005,28.56,,,,,,
Brazil,2006,30.65,,,,,,
Brazil,2007,31.5,,,,,,
Brazil,2008,33.15,,,,,,
Brazil,2009,33.9,,,,,,
Brazil,2011,35.7,,,,,,
Brazil,2012,,38.05,,,,,
Brazil,2013,,40.2,,,,,
Brazil,2014,,41.05,,,,,
Brazil,2015,,39.95,,,,,
Brazil,2016,,40.3,,,,,
Brazil,2017,,39.9,,,,,
Brazil,2018,,41.35,,,,,
Brazil,2019,,41.05,,,,,
Brazil,2020,,39.15,,,,,
Bulgaria,1992,,32.2,,,,,
Bulgaria,2006,,,,,,17.36,
Bulgaria,2007,,,,,,25.32,
Bulgaria,2008,,,,,,27.98,
Bulgaria,2009,,,,,,28.48,
Bulgaria,2010,,,,,,27.76,
Bulgaria,2011,,,,,,24.82,
Bulgaria,2012,,,,,,26.46,
Bulgaria,2013,,,,,,30.3,
Bulgaria,2014,,,,,,32.1,
Bulgaria,2015,,,,,,,31.6
Bulgaria,2016,,,,,,,35.85
Bulgaria,2017,,,,,,,35.45
Bulgaria,2018,,,,,,,41.45
Bulgaria,2019,,,,,,,44.0
Canada,1971,57.1,,,,,,
Canada,1975,67.2,,,,,,
Canada,1981,74.75,,,,,,
Canada,1987,76.25,,,,,,
Canada,1991,75.4,,,,,,
Canada,1994,77.9,,,,,,
Canada,1997,77.75,,,,,,
Canada,1998,,79.2,,,,,
Canada,2000,,80.05,,,,,
Canada,2004,,87.15,,,,,
Canada,2007,,95.6,,,,,
Canada,2010,,97.75,,,,,
Canada,2012,,100.8,,,,,
Canada,2013,,102.7,,,,,
Canada,2014,,101.3,,,,,
Canada,2015,,103.8,,,,,
Canada,2016,,101.3,,,,,
Canada,2017,,106.0,,,,,
Chile,1987,21.46,,,,,,
Chile,1990,24.64,,,,,,
Chile,1992,24.78,,,,,,
Chile,1994,29.1,,,,,,
Chile,1996,31.2,,,,,,
Chile,1998,33.85,,,,,,
Chile,2000,28.38,,,,,,
Chile,2003,27.44,,,,,,
Chile,2006,,30.65,,,,,
Chile,2009,,32.6,,,,,
Chile,2011,,35.6,,,,,
Chile,2013,,41.75,,,,,
Chile,2015,,43.75,,,,,
Chile,2017,,47.85,,,,,
Chile,2020,,52.1,,,,,
China,1981,2.0,,,,,,
China,1984,2.53,,,,,,
China,1987,3.18,,,,,,
China - rural,1981,1.54,,,,,,
China - rural,1984,2.18,,,,,,
China - rural,1987,2.75,,,,,,
China - urban,1981,2.62,,,,,,
China - urban,1984,2.98,,,,,,
China - urban,1987,3.73,,,,,,
Colombia,1992,,20.02,,,,,
Colombia,1996,,16.84,,,,,
Colombia,1999,,17.0,,,,,
Colombia,2000,,18.36,,,,,
Colombia,2001,,,15.3,,,,
Colombia,2002,,,19.08,,,,
Colombia,2003,,,18.7,,,,
Colombia,2004,,,19.6,,,,
Colombia,2005,,,20.92,,,,
Colombia,2008,,,,23.84,,,
Colombia,2009,,,,23.62,,,
Colombia,2010,,,,25.6,,,
Colombia,2011,,,,26.52,,,
Colombia,2012,,,,26.88,,,
Colombia,2013,,,,28.22,,,
Colombia,2014,,,,29.36,,,
Colombia,2015,,,,28.58,,,
Colombia,2016,,,,27.62,,,
Colombia,2017,,,,27.56,,,
Colombia,2018,,,,28.14,,,
Colombia,2019,,,,28.48,,,
Colombia,2020,,,,24.7,,,
Colombia - urban,1980,17.78,,,,,,
Colombia - urban,1988,,19.2,,,,,
Colombia - urban,1989,,18.6,,,,,
Colombia - urban,1991,,19.5,,,,,
Costa Rica,1981,11.62,,,,,,
Costa Rica,1986,10.44,,,,,,
Costa Rica,1989,,18.06,,,,,
Costa Rica,1990,,18.32,,,,,
Costa Rica,1991,,17.34,,,,,
Costa Rica,1992,,17.96,,,,,
Costa Rica,1993,,21.1,,,,,
Costa Rica,1994,,23.6,,,,,
Costa Rica,1995,,22.6,,,,,
Costa Rica,1996,,22.06,,,,,
Costa Rica,1997,,23.4,,,,,
Costa Rica,1998,,25.84,,,,,
Costa Rica,1999,,25.68,,,,,
Costa Rica,2000,,24.98,,,,,
Costa Rica,2001,,35.75,,,,,
Costa Rica,2002,,35.95,,,,,
Costa Rica,2003,,35.35,,,,,
Costa Rica,2004,,32.25,,,,,
Costa Rica,2005,,34.05,,,,,
Costa Rica,2006,,35.05,,,,,
Costa Rica,2007,,38.15,,,,,
Costa Rica,2008,,38.7,,,,,
Costa Rica,2009,,43.45,,,,,
Costa Rica,2010,,,44.6,,,,
Costa Rica,2011,,,46.1,,,,
Costa Rica,2012,,,47.3,,,,
Costa Rica,2013,,,49.35,,,,
Costa Rica,2014,,,48.7,,,,
Costa Rica,2015,,,48.35,,,,
Costa Rica,2016,,,49.8,,,,
Costa Rica,2017,,,51.65,,,,
Costa Rica,2018,,,49.8,,,,
Costa Rica,2019,,,49.3,,,,
Costa Rica,2020,,,43.4,,,,
Croatia,2009,,,,37.2,,,
Croatia,2010,,,,34.05,,,
Croatia,2011,,,,33.05,,,
Croatia,2012,,,,31.85,,,
Croatia,2013,,,,30.3,,,
Croatia,2014,,,,32.0,,,
Croatia,2015,,,,33.1,,,
Croatia,2016,,,,35.9,,,
Croatia,2017,,,,37.1,,,
Croatia,2018,,,,39.4,,,
Croatia,2019,,,,40.95,,,
Cyprus,2004,67.0,,,,,,
Cyprus,2005,71.45,,,,,,
Cyprus,2006,74.95,,,,,,
Cyprus,2007,79.3,,,,,,
Cyprus,2008,80.15,,,,,,
Cyprus,2009,78.2,,,,,,
Cyprus,2010,80.45,,,,,,
Cyprus,2011,80.3,,,,,,
Cyprus,2012,76.15,,,,,,
Cyprus,2013,71.65,,,,,,
Cyprus,2014,68.8,,,,,,
Cyprus,2015,69.55,,,,,,
Cyprus,2016,71.6,,,,,,
Cyprus,2017,73.35,,,,,,
Cyprus,2018,76.25,,,,,,
Cyprus,2019,78.15,,,,,,
Czechia,1992,22.86,,,,,,
Czechia,1993,26.96,,,,,,
Czechia,1996,30.5,,,,,,
Czechia,2002,34.5,,,,,,
Czechia,2004,,36.8,,,,,
Czechia,2005,,37.4,,,,,
Czechia,2006,,40.0,,,,,
Czechia,2007,,41.45,,,,,
Czechia,2008,,41.6,,,,,
Czechia,2009,,42.7,,,,,
Czechia,2010,,43.9,,,,,
Czechia,2011,,43.15,,,,,
Czechia,2012,,42.9,,,,,
Czechia,2013,,43.0,,,,,
Czechia,2014,,43.75,,,,,
Czechia,2015,,45.45,,,,,
Czechia,2016,,46.75,,,,,
Czechia,2017,,48.5,,,,,
Czechia,2018,,51.55,,,,,
Czechia,2019,,54.3,,,,,
Denmark,1987,67.6,,,,,,
Denmark,1992,65.45,,,,,,
Denmark,1995,66.95,,,,,,
Denmark,2000,72.55,,,,,,
Denmark,2003,,71.5,,,,,
Denmark,2004,,73.15,,,,,
Denmark,2005,,73.8,,,,,
Denmark,2006,,75.7,,,,,
Denmark,2007,,77.05,,,,,
Denmark,2008,,76.8,,,,,
Denmark,2009,,79.15,,,,,
Denmark,2010,,82.55,,,,,
Denmark,2011,,81.55,,,,,
Denmark,2012,,81.5,,,,,
Denmark,2013,,83.75,,,,,
Denmark,2014,,83.55,,,,,
Denmark,2015,,82.35,,,,,
Denmark,2016,,83.8,,,,,
Denmark,2017,,86.95,,,,,
Denmark,2018,,89.3,,,,,
Denmark,2019,,86.15,,,,,
Dominican Republic,1986,25.98,,,,,,
Dominican Republic,1989,,15.12,,,,,
Dominican Republic,1992,,,18.5,,,,
Dominican Republic,1996,,,,23.74,,,
Dominican Republic,1997,,,,24.8,,,
Dominican Republic,2000,,,,27.28,,,
Dominican Republic,2001,,,,,26.96,,
Dominican Republic,2002,,,,,25.8,,
Dominican Republic,2003,,,,,22.6,,
Dominican Republic,2004,,,,,19.12,,
Dominican Republic,2005,,,,,,23.76,
Dominican Republic,2006,,,,,,25.58,
Dominican Republic,2007,,,,,,23.76,
Dominican Republic,2008,,,,,,22.48,
Dominican Republic,2009,,,,,,24.6,
Dominican Republic,2010,,,,,,25.4,
Dominican Republic,2011,,,,,,24.36,
Dominican Republic,2012,,,,,,23.46,
Dominican Republic,2013,,,,,,25.06,
Dominican Republic,2014,,,,,,27.38,
Dominican Republic,2015,,,,,,29.42,
Dominican Republic,2016,,,,,,31.2,
Dominican Republic,2017,,,,,,,27.48
Dominican Republic,2018,,,,,,,29.04
Dominican Republic,2019,,,,,,,30.55
Dominican Republic,2020,,,,,,,27.3
Ecuador,1994,,14.48,,,,,
Ecuador,1999,,,,14.38,,,
Ecuador,2000,,,,,10.84,,
Ecuador,2003,,,,,17.62,,
Ecuador,2004,,,,,17.2,,
Ecuador,2005,,,,,20.66,,
Ecuador,2006,,,,,22.02,,
Ecuador,2007,,,,,,23.72,
Ecuador,2008,,,,,,23.14,
Ecuador,2009,,,,,,21.78,
Ecuador,2010,,,,,,24.22,
Ecuador,2011,,,,,,25.18,
Ecuador,2012,,,,,,26.9,
Ecuador,2013,,,,,,27.24,
Ecuador,2014,,,,,,27.3,
Ecuador,2015,,,,,,27.42,
Ecuador,2016,,,,,,26.64,
Ecuador,2017,,,,,,27.72,
Ecuador,2018,,,,,,28.28,
Ecuador,2019,,,,,,27.22,
Ecuador,2020,,,,,,24.28,
Ecuador - urban,1987,14.48,,,,,,
Ecuador - urban,1995,,,14.82,,,,
Ecuador - urban,1998,,,,14.88,,,
El Salvador,1989,14.62,,,,,,
El Salvador,1991,,14.34,,,,,
El Salvador,1995,,15.76,,,,,
El Salvador,1996,,16.22,,,,,
El Salvador,1998,,17.24,,,,,
El Salvador,1999,,18.3,,,,,
El Salvador,2000,,20.52,,,,,
El Salvador,2001,,19.88,,,,,
El Salvador,2002,,19.76,,,,,
El Salvador,2003,,18.18,,,,,
El Salvador,2004,,18.28,,,,,
El Salvador,2005,,18.56,,,,,
El Salvador,2006,,17.76,,,,,
El Salvador,2007,,18.46,,,,,
El Salvador,2008,,18.92,,,,,
El Salvador,2009,,17.4,,,,,
El Salvador,2010,,17.8,,,,,
El Salvador,2011,,16.82,,,,,
El Salvador,2012,,17.06,,,,,
El Salvador,2013,,18.86,,,,,
El Salvador,2014,,18.78,,,,,
El Salvador,2015,,18.32,,,,,
El Salvador,2016,,18.92,,,,,
El Salvador,2017,,18.64,,,,,
El Salvador,2018,,20.54,,,,,
El Salvador,2019,,22.58,,,,,
Estonia,1993,20.74,,,,,,
Estonia,2003,,,,27.14,,,
Estonia,2004,,,,28.0,,,
Estonia,2005,,,,32.4,,,
Estonia,2006,,,,36.8,,,
Estonia,2007,,,,42.25,,,
Estonia,2008,,,,43.15,,,
Estonia,2009,,,,40.9,,,
Estonia,2010,,,,38.6,,,
Estonia,2011,,,,40.95,,,
Estonia,2012,,,,43.6,,,
Estonia,2013,,,,48.9,,,
Estonia,2014,,,,53.2,,,
Estonia,2015,,,,56.85,,,
Estonia,2016,,,,59.7,,,
Estonia,2017,,,,62.2,,,
Estonia,2018,,,,66.1,,,
Estonia,2019,,,,68.95,,,
Finland,1987,48.55,,,,,,
Finland,1991,55.8,,,,,,
Finland,1995,51.75,,,,,,
Finland,2000,61.45,,,,,,
Finland,2003,,65.65,,,,,
Finland,2004,,68.6,,,,,
Finland,2005,,71.3,,,,,
Finland,2006,,73.5,,,,,
Finland,2007,,75.95,,,,,
Finland,2008,,76.4,,,,,
Finland,2009,,77.75,,,,,
Finland,2010,,79.65,,,,,
Finland,2011,,80.2,,,,,
Finland,2012,,80.15,,,,,
Finland,2013,,79.6,,,,,
Finland,2014,,79.25,,,,,
Finland,2015,,80.0,,,,,
Finland,2016,,79.05,,,,,
Finland,2017,,81.6,,,,,
Finland,2018,,82.8,,,,,
Finland,2019,,83.9,,,,,
France,1978,59.2,,,,,,
France,1984,56.85,,,,,,
France,1989,59.4,,,,,,
France,1994,68.95,,,,,,
France,2000,70.3,,,,,,
France,2003,,71.85,,,,,
France,2004,,73.35,,,,,
France,2005,,70.6,,,,,
France,2006,,71.2,,,,,
France,2007,,87.2,,,,,
France,2008,,86.85,,,,,
France,2009,,88.5,,,,,
France,2010,,89.05,,,,,
France,2011,,87.9,,,,,
France,2012,,87.8,,,,,
France,2013,,86.45,,,,,
France,2014,,86.7,,,,,
France,2015,,86.35,,,,,
France,2016,,87.95,,,,,
France,2017,,86.2,,,,,
France,2018,,87.25,,,,,
Germany,1991,,,76.9,,,,
Germany,1992,,,77.8,,,,
Germany,1993,,,76.85,,,,
Germany,1994,,,74.9,,,,
Germany,1995,,,75.75,,,,
Germany,1996,,,76.8,,,,
Germany,1997,,,75.7,,,,
Germany,1998,,,78.25,,,,
Germany,1999,,,80.65,,,,
Germany,2000,,,82.5,,,,
Germany,2001,,,83.5,,,,
Germany,2002,,,83.9,,,,
Germany,2003,,,83.4,,,,
Germany,2004,,,85.1,,,,
Germany,2005,,,87.4,,,,
Germany,2006,,,86.55,,,,
Germany,2007,,,87.3,,,,
Germany,2008,,,86.7,,,,
Germany,2009,,,86.4,,,,
Germany,2010,,,87.6,,,,
Germany,2011,,,87.0,,,,
Germany,2012,,,88.45,,,,
Germany,2013,,,88.75,,,,
Germany,2014,,,89.1,,,,
Germany,2015,,,89.9,,,,
Germany,2016,,,93.5,,,,
Germany,2017,,,92.5,,,,
Germany,2018,,,96.15,,,,
Greece,1995,44.75,,,,,,
Greece,2000,48.75,,,,,,
Greece,2003,,54.65,,,,,
Greece,2004,,57.7,,,,,
Greece,2005,,59.3,,,,,
Greece,2006,,58.65,,,,,
Greece,2007,,60.1,,,,,
Greece,2008,,59.4,,,,,
Greece,2009,,61.0,,,,,
Greece,2010,,54.05,,,,,
Greece,2011,,44.9,,,,,
Greece,2012,,39.25,,,,,
Greece,2013,,38.4,,,,,
Greece,2014,,38.15,,,,,
Greece,2015,,38.4,,,,,
Greece,2016,,39.1,,,,,
Greece,2017,,38.35,,,,,
Greece,2018,,39.9,,,,,
Greece,2019,,42.3,,,,,
Guatemala,1986,7.1,,,,,,
Guatemala,1989,11.28,,,,,,
Guatemala,1998,,17.52,,,,,
Guatemala,2000,,,20.68,,,,
Guatemala,2006,,,22.18,,,,
Guatemala,2014,,,16.48,,,,
Guyana,1992,7.29,,,,,,
Guyana,1998,14.54,,,,,,
Haiti,2001,5.64,,,,,,
Haiti,2012,,7.4,,,,,
Honduras,1989,,8.76,,,,,
Honduras,1990,,,8.03,,,,
Honduras,1991,,,,9.12,,,
Honduras,1992,,,,9.81,,,
Honduras,1993,,,,11.42,,,
Honduras,1994,,,,12.16,,,
Honduras,1995,,,,11.9,,,
Honduras,1996,,,,10.98,,,
Honduras,1997,,,,13.08,,,
Honduras,1998,,,,13.84,,,
Honduras,1999,,,,13.76,,,
Honduras,2001,,,,,18.02,,
Honduras,2002,,,,,15.26,,
Honduras,2003,,,,,14.68,,
Honduras,2004,,,,,15.14,,
Honduras,2005,,,,,17.12,,
Honduras,2006,,,,,18.04,,
Honduras,2007,,,,,19.58,,
Honduras,2008,,,,,19.14,,
Honduras,2009,,,,,19.44,,
Honduras,2010,,,,,19.42,,
Honduras,2011,,,,,,18.88,
Honduras,2012,,,,,,16.86,
Honduras,2013,,,,,,17.1,
Honduras,2014,,,,,,17.24,
Honduras,2015,,,,,,17.14,
Honduras,2016,,,,,,18.44,
Honduras,2017,,,,,,17.72,
Honduras,2018,,,,,,17.92,
Honduras,2019,,,,,,17.44,
Honduras - urban,1986,6.51,,,,,,
Hungary,1987,30.55,,,,,,
Hungary,1989,15.8,,,,,,
Hungary,1991,,30.75,,,,,
Hungary,1993,23.84,,,,,,
Hungary,1994,,29.78,,,,,
Hungary,1999,,,25.34,,,,
Hungary,2004,,,,,29.86,,
Hungary,2005,,,,,32.9,,
Hungary,2006,,,,,31.65,,
Hungary,2007,,,,,31.4,,
Hungary,2008,,,,,32.1,,
Hungary,2009,,,,,30.4,,
Hungary,2010,,,,,32.5,,
Hungary,2011,,,,,32.3,,
Hungary,2012,,,,,31.1,,
Hungary,2013,,,,,33.1,,
Hungary,2014,,,,,34.25,,
Hungary,2015,,,,,36.6,,
Hungary,2016,,,,,37.9,,
Hungary,2017,,,,,38.65,,
Hungary,2018,,,,,40.25,,
Hungary,2019,,,,,42.8,,
Iceland,2003,69.8,,,,,,
Iceland,2004,72.05,,,,,,
Iceland,2005,76.25,,,,,,
Iceland,2006,87.7,,,,,,
Iceland,2007,92.25,,,,,,
Iceland,2008,96.75,,,,,,
Iceland,2009,80.65,,,,,,
Iceland,2010,70.9,,,,,,
Iceland,2011,70.9,,,,,,
Iceland,2012,73.3,,,,,,
Iceland,2013,73.2,,,,,,
Iceland,2014,76.4,,,,,,
Iceland,2015,82.45,,,,,,
Iceland,2016,89.45,,,,,,
Iceland,2017,92.55,,,,,,
Ireland,1987,34.05,,,,,,
Ireland,1994,,51.55,,,,,
Ireland,1995,,53.15,,,,,
Ireland,1996,,54.9,,,,,
Ireland,2000,,64.5,,,,,
Ireland,2002,,,72.9,,,,
Ireland,2003,,,,73.35,,,
Ireland,2004,,,,76.45,,,
Ireland,2005,,,,80.65,,,
Ireland,2006,,,,88.7,,,
Ireland,2007,,,,84.9,,,
Ireland,2008,,,,77.0,,,
Ireland,2009,,,,78.75,,,
Ireland,2010,,,,76.9,,,
Ireland,2011,,,,74.35,,,
Ireland,2012,,,,74.9,,,
Ireland,2013,,,,74.95,,,
Ireland,2014,,,,77.75,,,
Ireland,2015,,,,78.75,,,
Ireland,2016,,,,86.65,,,
Ireland,2017,,,,89.2,,,
Ireland,2018,,,,90.1,,,
Israel,1979,35.8,,,,,,
Israel,1986,36.7,,,,,,
Israel,1992,41.55,,,,,,
Israel,1997,45.45,,,,,,
Israel,2001,51.35,,,,,,
Israel,2002,47.3,,,,,,
Israel,2003,48.9,,,,,,
Israel,2004,53.0,,,,,,
Israel,2005,55.4,,,,,,
Israel,2006,55.3,,,,,,
Israel,2007,58.0,,,,,,
Israel,2008,59.25,,,,,,
Israel,2009,59.3,,,,,,
Israel,2010,59.25,,,,,,
Israel,2011,60.15,,,,,,
Israel,2012,63.75,,,,,,
Israel,2013,65.95,,,,,,
Israel,2014,66.8,,,,,,
Israel,2015,68.05,,,,,,
Israel,2016,69.75,,,,,,
Israel,2017,72.25,,,,,,
Israel,2018,73.7,,,,,,
Italy,1986,47.75,,,,,,
Italy,1987,53.55,,,,,,
Italy,1989,58.65,,,,,,
Italy,1991,58.35,,,,,,
Italy,1993,56.8,,,,,,
Italy,1995,54.15,,,,,,
Italy,1998,58.5,,,,,,
Italy,2000,60.6,,,,,,
Italy,2003,,73.3,,,,,
Italy,2004,,74.75,,,,,
Italy,2005,,74.55,,,,,
Italy,2006,,76.15,,,,,
Italy,2007,,75.5,,,,,
Italy,2008,,75.3,,,,,
Italy,2009,,75.95,,,,,
Italy,2010,,74.9,,,,,
Italy,2011,,74.85,,,,,
Italy,2012,,71.15,,,,,
Italy,2013,,71.05,,,,,
Italy,2014,,70.8,,,,,
Italy,2015,,72.45,,,,,
Italy,2016,,73.55,,,,,
Italy,2017,,75.8,,,,,
Italy,2018,,76.05,,,,,
Japan,2008,71.3,,,,,,
Japan,2010,84.3,,,,,,
Japan,2013,80.1,,,,,,
Kazakhstan,1993,10.92,,,,,,
Kyrgyzstan,1998,8.66,,,,,,
Latvia,1993,13.52,,,,,,
Latvia,1995,15.56,,,,,,
Latvia,1996,14.84,,,,,,
Latvia,2004,,,22.76,,,,
Latvia,2005,,,26.72,,,,
Latvia,2006,,,31.5,,,,
Latvia,2007,,,41.9,,,,
Latvia,2008,,,40.6,,,,
Latvia,2009,,,33.2,,,,
Latvia,2010,,,30.65,,,,
Latvia,2011,,,31.45,,,,
Latvia,2012,,,32.35,,,,
Latvia,2013,,,36.85,,,,
Latvia,2014,,,39.4,,,,
Latvia,2015,,,42.0,,,,
Latvia,2016,,,45.1,,,,
Latvia,2017,,,47.5,,,,
Latvia,2018,,,52.45,,,,
Latvia,2019,,,54.15,,,,
Lithuania,1993,8.45,,,,,,
Lithuania,2004,,,,23.3,,,
Lithuania,2005,,,,26.52,,,
Lithuania,2006,,,,31.5,,,
Lithuania,2007,,,,37.65,,,
Lithuania,2008,,,,40.05,,,
Lithuania,2009,,,,34.65,,,
Lithuania,2010,,,,30.4,,,
Lithuania,2011,,,,32.25,,,
Lithuania,2012,,,,35.4,,,
Lithuania,2013,,,,37.7,,,
Lithuania,2014,,,,40.75,,,
Lithuania,2015,,,,46.1,,,
Lithuania,2016,,,,49.3,,,
Lithuania,2017,,,,51.6,,,
Lithuania,2018,,,,55.7,,,
Lithuania,2019,,,,60.6,,,
Luxembourg,1985,59.65,,,,,,
Luxembourg,1991,87.35,,,,,,
Luxembourg,1994,93.55,,,,,,
Luxembourg,1997,101.8,,,,,,
Luxembourg,2000,114.3,,,,,,
Luxembourg,2003,,119.2,,,,,
Luxembourg,2004,,120.5,,,,,
Luxembourg,2005,,127.5,,,,,
Luxembourg,2006,,125.4,,,,,
Luxembourg,2007,,125.4,,,,,
Luxembourg,2008,,128.0,,,,,
Luxembourg,2009,,124.4,,,,,
Luxembourg,2010,,124.4,,,,,
Luxembourg,2011,,123.9,,,,,
Luxembourg,2012,,125.6,,,,,
Luxembourg,2013,,126.1,,,,,
Luxembourg,2014,,122.2,,,,,
Luxembourg,2015,,116.2,,,,,
Luxembourg,2016,,128.1,,,,,
Luxembourg,2017,,130.2,,,,,
Luxembourg,2018,,136.8,,,,,
Luxembourg,2019,,137.0,,,,,
Malaysia,1984,23.7,,,,,,
Malaysia,1987,23.08,,,,,,
Malaysia,1989,22.42,,,,,,
Malaysia,1992,25.94,,,,,,
Malaysia,1995,26.76,,,,,,
Malaysia,1997,33.35,,,,,,
Malaysia,2003,,31.25,,,,,
Malaysia,2006,,34.05,,,,,
Malaysia,2008,,35.85,,,,,
Malaysia,2011,,42.8,,,,,
Malaysia,2013,,47.1,,,,,
Malaysia,2015,,52.65,,,,,
Malta,2006,53.15,,,,,,
Malta,2007,58.45,,,,,,
Malta,2008,60.6,,,,,,
Malta,2009,59.35,,,,,,
Malta,2010,59.8,,,,,,
Malta,2011,61.35,,,,,,
Malta,2012,61.9,,,,,,
Malta,2013,66.2,,,,,,
Malta,2014,69.35,,,,,,
Malta,2015,69.7,,,,,,
Malta,2016,75.35,,,,,,
Malta,2017,75.1,,,,,,
Malta,2018,76.45,,,,,,
Malta,2019,84.4,,,,,,
Mexico,1984,17.42,,,,,,
Mexico,1989,17.52,,,,,,
Mexico,1992,21.82,,,,,,
Mexico,1994,21.9,,,,,,
Mexico,1996,15.16,,,,,,
Mexico,1998,17.86,,,,,,
Mexico,2000,21.2,,,,,,
Mexico,2002,21.6,,,,,,
Mexico,2004,22.74,,,,,,
Mexico,2005,22.52,,,,,,
Mexico,2006,23.92,,,,,,
Mexico,2008,24.2,,,,,,
Mexico,2010,22.42,,,,,,
Mexico,2012,24.66,,,,,,
Mexico,2014,22.68,,,,,,
Mexico,2016,,24.6,,,,,
Mexico,2018,,24.7,,,,,
Mexico,2020,,23.86,,,,,
Micronesia (country) - urban,2000,11.16,,,,,,
Montenegro,2012,,26.08,,,,,
Montenegro,2013,,25.96,,,,,
Montenegro,2014,,27.02,,,,,
Montenegro,2015,,26.76,,,,,
Montenegro,2016,,28.26,,,,,
Montenegro,2017,,28.32,,,,,
Montenegro,2018,,27.62,,,,,
Namibia,1993,12.86,,,,,,
Nepal,1984,2.57,,,,,,
Netherlands,1983,52.6,,,,,,
Netherlands,1987,56.5,,,,,,
Netherlands,1990,72.5,,,,,,
Netherlands,1993,,69.55,,,,,
Netherlands,1999,,77.75,,,,,
Netherlands,2004,,,75.65,,,,
Netherlands,2005,,,76.9,,,,
Netherlands,2006,,,79.8,,,,
Netherlands,2007,,,84.6,,,,
Netherlands,2008,,,84.6,,,,
Netherlands,2009,,,83.3,,,,
Netherlands,2010,,,81.9,,,,
Netherlands,2011,,,80.15,,,,
Netherlands,2012,,,79.55,,,,
Netherlands,2013,,,78.4,,,,
Netherlands,2014,,,79.2,,,,
Netherlands,2015,,,83.3,,,,
Netherlands,2016,,,86.7,,,,
Netherlands,2017,,,86.15,,,,
Netherlands,2018,,,86.55,,,,
Netherlands,2019,,,88.85,,,,
Nicaragua,1993,9.85,,,,,,
Nicaragua,1998,11.4,,,,,,
Nicaragua,2001,12.96,,,,,,
Nicaragua,2005,,14.9,,,,,
Nicaragua,2009,,15.02,,,,,
Nicaragua,2014,,19.46,,,,,
North Macedonia,2009,,,17.8,,,,
North Macedonia,2010,,,17.82,,,,
North Macedonia,2011,,,18.52,,,,
North Macedonia,2012,,,18.38,,,,
North Macedonia,2013,,,18.0,,,,
North Macedonia,2014,,,18.52,,,,
North Macedonia,2015,,,19.7,,,,
North Macedonia,2016,,,20.36,,,,
North Macedonia,2017,,,20.78,,,,
North Macedonia,2018,,,21.3,,,,
Norway,1979,46.35,,,,,,
Norway,1986,57.55,,,,,,
Norway,1991,61.5,,,,,,
Norway,1995,62.15,,,,,,
Norway,2000,74.15,,,,,,
Norway,2003,,78.7,,,,,
Norway,2004,,79.7,,,,,
Norway,2005,,82.6,,,,,
Norway,2006,,84.5,,,,,
Norway,2007,,92.35,,,,,
Norway,2008,,97.35,,,,,
Norway,2009,,95.8,,,,,
Norway,2010,,95.65,,,,,
Norway,2011,,101.4,,,,,
Norway,2012,,103.9,,,,,
Norway,2013,,109.9,,,,,
Norway,2014,,111.0,,,,,
Norway,2015,,112.4,,,,,
Norway,2016,,111.0,,,,,
Norway,2017,,111.1,,,,,
Norway,2018,,111.7,,,,,
Norway,2019,,114.1,,,,,
Panama,1979,23.4,,,,,,
Panama,1989,,21.86,,,,,
Panama,1991,,,23.34,,,,
Panama,1995,,,,28.2,,,
Panama,1997,,,,29.36,,,
Panama,1998,,,,28.02,,,
Panama,1999,,,,30.25,,,
Panama,2000,,,,31.8,,,
Panama,2001,,,,,27.72,,
Panama,2002,,,,,30.3,,
Panama,2003,,,,,31.4,,
Panama,2004,,,,,32.2,,
Panama,2005,,,,,31.3,,
Panama,2006,,,,,31.6,,
Panama,2007,,,,,31.5,,
Panama,2008,,,,,,37.25,
Panama,2009,,,,,,37.45,
Panama,2010,,,,,,38.3,
Panama,2011,,,,,,41.15,
Panama,2012,,,,,,42.95,
Panama,2013,,,,,,44.55,
Panama,2014,,,,,,44.35,
Panama,2015,,,,,,48.05,
Panama,2016,,,,,,52.45,
Panama,2017,,,,,,49.85,
Panama,2018,,,,,,52.7,
Panama,2019,,,,,,54.8,
Paraguay,1990,29.32,,,,,,
Paraguay,1995,26.92,,,,,,
Paraguay,1997,,30.9,,,,,
Paraguay,1999,,,27.12,,,,
Paraguay,2001,,,,27.26,,,
Paraguay,2002,,,,,20.24,,
Paraguay,2003,,,,,,23.96,
Paraguay,2004,,,,,,23.18,
Paraguay,2005,,,,,,24.86,
Paraguay,2006,,,,,,23.0,
Paraguay,2007,,,,,,24.04,
Paraguay,2008,,,,,,25.56,
Paraguay,2009,,,,,,24.24,
Paraguay,2010,,,,,,26.64,
Paraguay,2011,,,,,,29.32,
Paraguay,2012,,,,,,29.86,
Paraguay,2013,,,,,,32.65,
Paraguay,2014,,,,,,33.7,
Paraguay,2015,,,,,,33.7,
Paraguay,2016,,,,,,31.9,
Paraguay,2017,,,,,,31.75,
Paraguay,2018,,,,,,33.0,
Paraguay,2019,,,,,,33.75,
Paraguay,2020,,,,,,30.05,
Peru,1997,,17.26,,,,,
Peru,1998,,18.6,,,,,
Peru,1999,,16.96,,,,,
Peru,2000,,,15.6,,,,
Peru,2001,,,15.72,,,,
Peru,2002,,,17.56,,,,
Peru,2003,,,17.98,,,,
Peru,2004,,,,16.86,,,
Peru,2005,,,,15.98,,,
Peru,2006,,,,18.14,,,
Peru,2007,,,,20.38,,,
Peru,2008,,,,20.82,,,
Peru,2009,,,,21.88,,,
Peru,2010,,,,22.3,,,
Peru,2011,,,,22.74,,,
Peru,2012,,,,24.12,,,
Peru,2013,,,,24.6,,,
Peru,2014,,,,24.6,,,
Peru,2015,,,,24.78,,,
Peru,2016,,,,26.0,,,
Peru,2017,,,,25.4,,,
Peru,2018,,,,26.28,,,
Peru,2019,,,,26.26,,,
Peru,2020,,,,21.02,,,
Philippines,2000,,,12.9,,,,
Philippines,2003,,,,12.9,,,
Philippines,2006,,,,13.3,,,
Philippines,2009,,,,13.82,,,
Philippines,2012,,,,14.24,,,
Philippines,2015,,,,14.86,,,
Philippines,2018,,,,15.98,,,
Poland,1985,20.78,,,,,,
Poland,1986,22.4,,,,,,
Poland,1987,21.74,,,,,,
Poland,1989,31.7,,,,,,
Poland,1992,25.14,,,,,,
Poland,1995,21.34,,,,,,
Poland,1999,24.86,,,,,,
Poland,2004,,,,29.26,,,
Poland,2005,,,,30.9,,,
Poland,2006,,,,31.85,,,
Poland,2007,,,,35.2,,,
Poland,2008,,,,37.35,,,
Poland,2009,,,,38.55,,,
Poland,2010,,,,38.85,,,
Poland,2011,,,,39.85,,,
Poland,2012,,,,39.7,,,
Poland,2013,,,,40.2,,,
Poland,2014,,,,41.6,,,
Poland,2015,,,,43.15,,,
Poland,2016,,,,45.75,,,
Poland,2017,,,,46.75,,,
Poland,2018,,,,49.5,,,
Portugal,2003,52.25,,,,,,
Portugal,2004,53.2,,,,,,
Portugal,2005,52.65,,,,,,
Portugal,2006,53.3,,,,,,
Portugal,2007,51.6,,,,,,
Portugal,2008,50.05,,,,,,
Portugal,2009,52.6,,,,,,
Portugal,2010,50.4,,,,,,
Portugal,2011,48.8,,,,,,
Portugal,2012,46.6,,,,,,
Portugal,2013,47.1,,,,,,
Portugal,2014,46.75,,,,,,
Portugal,2015,49.25,,,,,,
Portugal,2016,49.65,,,,,,
Portugal,2017,49.25,,,,,,
Portugal,2018,51.6,,,,,,
Portugal,2019,55.15,,,,,,
Romania,1989,24.38,,,,,,
Romania,1992,16.78,,,,,,
Romania,1994,7.32,,,,,,
Romania,1995,13.88,,,,,,
Romania,1997,12.76,,,,,,
Romania,2006,,,,16.74,,,
Romania,2007,,,,18.0,,,
Romania,2008,,,,19.88,,,
Romania,2009,,,,20.18,,,
Romania,2010,,,,19.56,,,
Romania,2011,,,,18.66,,,
Romania,2012,,,,18.74,,,
Romania,2013,,,,18.7,,,
Romania,2014,,,,19.44,,,
Romania,2015,,,,20.7,,,
Romania,2016,,,,23.18,,,
Romania,2017,,,,29.9,,,
Romania,2018,,,,33.7,,,
Romania,2019,,,,36.2,,,
Russia,2014,,,59.45,,,,
Russia,2015,,,55.1,,,,
Russia,2016,,,53.1,,,,
Russia,2017,,,51.05,,,,
Russia,2018,,,51.9,,,,
Saint Lucia,1995,6.62,,,,,,
Saint Lucia,2016,,39.35,,,,,
Serbia,2012,,,23.94,,,,
Serbia,2013,,,21.4,,,,
Serbia,2014,,,21.5,,,,
Serbia,2015,,,21.48,,,,
Serbia,2016,,,22.46,,,,
Serbia,2017,,,21.94,,,,
Serbia,2018,,,24.82,,,,
Serbia,2019,,,27.12,,,,
Seychelles,2013,,,35.65,,,,
Seychelles,2018,,,35.2,,,,
Slovakia,1992,21.58,,,,,,
Slovakia,1996,23.88,,,,,,
Slovakia,2004,,,24.8,,,,
Slovakia,2005,,,27.72,,,,
Slovakia,2006,,,30.45,,,,
Slovakia,2007,,,31.9,,,,
Slovakia,2008,,,34.55,,,,
Slovakia,2009,,,36.4,,,,
Slovakia,2010,,,37.15,,,,
Slovakia,2011,,,39.05,,,,
Slovakia,2012,,,35.3,,,,
Slovakia,2013,,,36.15,,,,
Slovakia,2014,,,34.55,,,,
Slovakia,2015,,,34.95,,,,
Slovakia,2016,,,35.55,,,,
Slovakia,2017,,,36.3,,,,
Slovakia,2018,,,38.75,,,,
Slovakia,2019,,,39.05,,,,
Slovenia,1987,53.25,,,,,,
Slovenia,1993,33.55,,,,,,
Slovenia,1997,,36.7,,,,,
Slovenia,1999,,36.95,,,,,
Slovenia,2004,,,,46.65,,,
Slovenia,2005,,,,48.05,,,
Slovenia,2006,,,,49.95,,,
Slovenia,2007,,,,52.5,,,
Slovenia,2008,,,,52.95,,,
Slovenia,2009,,,,55.15,,,
Slovenia,2010,,,,54.65,,,
Slovenia,2011,,,,54.0,,,
Slovenia,2012,,,,52.2,,,
Slovenia,2013,,,,52.6,,,
Slovenia,2014,,,,53.45,,,
Slovenia,2015,,,,53.35,,,
Slovenia,2016,,,,55.0,,,
Slovenia,2017,,,,55.6,,,
Slovenia,2018,,,,58.8,,,
Slovenia,2019,,,,59.4,,,
South Korea,2006,61.1,,,,,,
South Korea,2008,63.85,,,,,,
South Korea,2010,64.7,,,,,,
South Korea,2012,67.45,,,,,,
South Korea,2014,70.85,,,,,,
South Korea,2016,73.15,,,,,,
Spain,1980,31.55,,,,,,
Spain,1985,31.25,,,,,,
Spain,1990,39.0,,,,,,
Spain,1995,,51.95,,,,,
Spain,2000,,62.0,,,,,
Spain,2003,,,56.4,,,,
Spain,2004,,,58.15,,,,
Spain,2005,,,59.45,,,,
Spain,2006,,,60.35,,,,
Spain,2007,,,72.25,,,,
Spain,2008,,,73.35,,,,
Spain,2009,,,74.8,,,,
Spain,2010,,,70.65,,,,
Spain,2011,,,68.7,,,,
Spain,2012,,,65.45,,,,
Spain,2013,,,64.6,,,,
Spain,2014,,,64.0,,,,
Spain,2015,,,66.05,,,,
Spain,2016,,,68.75,,,,
Spain,2017,,,68.35,,,,
Spain,2018,,,68.5,,,,
Spain,2019,,,71.1,,,,
Suriname - urban,1999,20.02,,,,,,
Sweden,1967,32.35,,,,,,
Sweden,1975,,44.5,,,,,
Sweden,1981,,45.5,,,,,
Sweden,1987,,48.15,,,,,
Sweden,1992,,58.65,,,,,
Sweden,1995,,54.75,,,,,
Sweden,2000,,64.15,,,,,
Sweden,2003,,,63.15,,,,
Sweden,2004,,,64.95,,,,
Sweden,2005,,,66.0,,,,
Sweden,2006,,,69.55,,,,
Sweden,2007,,,74.2,,,,
Sweden,2008,,,76.5,,,,
Sweden,2009,,,77.9,,,,
Sweden,2010,,,80.05,,,,
Sweden,2011,,,80.35,,,,
Sweden,2012,,,82.35,,,,
Sweden,2013,,,84.85,,,,
Sweden,2014,,,86.95,,,,
Sweden,2015,,,89.4,,,,
Sweden,2016,,,90.25,,,,
Sweden,2017,,,90.2,,,,
Sweden,2018,,,91.8,,,,
Sweden,2019,,,94.1,,,,
Switzerland,1982,111.6,,,,,,
Switzerland,1992,,105.7,,,,,
Switzerland,2000,,,107.2,,,,
Switzerland,2002,,,112.7,,,,
Switzerland,2006,,,,113.7,,,
Switzerland,2007,,,,115.8,,,
Switzerland,2008,,,,114.7,,,
Switzerland,2009,,,,114.0,,,
Switzerland,2010,,,,113.2,,,
Switzerland,2011,,,,116.6,,,
Switzerland,2012,,,,116.2,,,
Switzerland,2013,,,,118.1,,,
Switzerland,2014,,,,119.6,,,
Switzerland,2015,,,,119.3,,,
Switzerland,2016,,,,121.9,,,
Switzerland,2017,,,,122.6,,,
Switzerland,2018,,,,118.2,,,
Taiwan,1981,27.6,,,,,,
Taiwan,1986,36.0,,,,,,
Taiwan,1991,60.4,,,,,,
Taiwan,1995,72.1,,,,,,
Taiwan,1997,75.75,,,,,,
Taiwan,2000,80.15,,,,,,
Taiwan,2005,81.9,,,,,,
Taiwan,2007,78.85,,,,,,
Taiwan,2010,72.8,,,,,,
Taiwan,2013,73.05,,,,,,
Taiwan,2016,76.9,,,,,,
Trinidad and Tobago,1988,29.4,,,,,,
Trinidad and Tobago,1992,,19.64,,,,,
Ukraine,1999,,,,7.42,,,
United Arab Emirates,2013,142.6,,,,,,
United Kingdom,1969,29.5,,,,,,
United Kingdom,1974,38.3,,,,,,
United Kingdom,1979,40.1,,,,,,
United Kingdom,1986,44.85,,,,,,
United Kingdom,1991,57.05,,,,,,
United Kingdom,1994,,62.1,,,,,
United Kingdom,1995,63.2,,,,,,
United Kingdom,1996,64.5,,,,,,
United Kingdom,1997,66.9,,,,,,
United Kingdom,1998,70.25,,,,,,
United Kingdom,1999,,71.7,,,,,
United Kingdom,2000,,77.65,,,,,
United Kingdom,2001,,81.2,,,,,
United Kingdom,2002,,78.3,,,,,
United Kingdom,2003,,80.15,,,,,
United Kingdom,2004,,,78.65,,,,
United Kingdom,2005,,,77.2,,,,
United Kingdom,2006,,,82.55,,,,
United Kingdom,2007,,,85.5,,,,
United Kingdom,2008,,,80.3,,,,
United Kingdom,2009,,,79.2,,,,
United Kingdom,2010,,,78.1,,,,
United Kingdom,2011,,,77.65,,,,
United Kingdom,2012,,,76.55,,,,
United Kingdom,2013,,,77.0,,,,
United Kingdom,2014,,,79.9,,,,
United Kingdom,2015,,,79.3,,,,
United Kingdom,2016,,,86.8,,,,
United Kingdom,2017,,,87.85,,,,
United States,1974,82.45,,,,,,
United States,1979,88.65,,,,,,
United States,1986,98.35,,,,,,
United States,1991,100.5,,,,,,
United States,1992,101.5,,,,,,
United States,1993,102.4,,,,,,
United States,1994,103.6,,,,,,
United States,1995,105.2,,,,,,
United States,1996,106.1,,,,,,
United States,1997,108.6,,,,,,
United States,1998,111.3,,,,,,
United States,1999,113.8,,,,,,
United States,2000,114.9,,,,,,
United States,2001,113.6,,,,,,
United States,2002,,115.9,,,,,
United States,2003,,119.9,,,,,
United States,2004,,115.9,,,,,
United States,2005,,119.2,,,,,
United States,2006,,121.0,,,,,
United States,2007,,122.7,,,,,
United States,2008,,118.8,,,,,
United States,2009,,119.4,,,,,
United States,2010,,119.9,,,,,
United States,2011,,121.0,,,,,
United States,2012,,121.5,,,,,
United States,2013,,120.9,,,,,
United States,2014,,124.5,,,,,
United States,2015,,127.7,,,,,
United States,2016,,133.0,,,,,
United States,2017,,135.9,,,,,
United States,2018,,141.2,,,,,
United States,2019,,150.8,,,,,
Uruguay,2006,,,,35.8,,,
Uruguay,2007,,,,38.85,,,
Uruguay,2008,,,,42.3,,,
Uruguay,2009,,,,45.2,,,
Uruguay,2010,,,,45.35,,,
Uruguay,2011,,,,47.9,,,
Uruguay,2012,,,,47.95,,,
Uruguay,2013,,,,49.1,,,
Uruguay,2014,,,,51.6,,,
Uruguay,2015,,,,52.2,,,
Uruguay,2016,,,,50.85,,,
Uruguay,2017,,,,52.6,,,
Uruguay,2018,,,,52.0,,,
Uruguay,2019,,,,51.1,,,
Uruguay,2020,,,,,47.8,,
Uruguay - urban,1981,36.05,,,,,,
Uruguay - urban,1989,,38.0,,,,,
Uruguay - urban,1992,,,40.6,,,,
Uruguay - urban,1995,,,41.8,,,,
Uruguay - urban,1996,,,40.85,,,,
Uruguay - urban,1997,,,40.95,,,,
Uruguay - urban,1998,,,44.4,,,,
Uruguay - urban,2000,,,43.05,,,,
Uruguay - urban,2001,,,44.35,,,,
Uruguay - urban,2002,,,39.55,,,,
Uruguay - urban,2003,,,32.7,,,,
Uruguay - urban,2004,,,33.15,,,,
Uruguay - urban,2005,,,34.25,,,,
Venezuela,1981,31.95,,,,,,
Venezuela,1987,29.74,,,,,,
Venezuela,1989,,23.4,,,,,
Venezuela,1992,,21.48,,,,,
Venezuela,1995,,17.9,,,,,
Venezuela,1998,,19.36,,,,,
Venezuela,1999,,17.36,,,,,
Venezuela,2001,,,18.36,,,,
Venezuela,2002,,,15.34,,,,
Venezuela,2003,,,12.98,,,,
Venezuela,2004,,,14.56,,,,
Venezuela,2005,,,17.48,,,,
Venezuela,2006,,,21.18,,,,
